ITEM,NOMBRE
CSIM199,SERV ARRIENDO BODEGAS X IMP EXCLUIDAS
CSIM198,SERV ARRIENDO BODEGAS X IMP GRAVADAS
CSIM196,HON ANALISIS CALIDAD-MTRAS PRE/COMP EXC
CSIM195,HON ANALISIS CALIDAD-MTRAS PRE/COMP GRA
CSIM194,OTROS COSTOS EN ORIGEN IMP EXC SIN IVA
CSIM193,FORMUL INGR Y SALIDA ZF IMP EXCL SIN IVA
CSIM192,ALQUILER DE ESTIBAS IMP EXC IVA 19%
CSIM191,ALQUILER DE ESTIBAS IMP EXC SIN IVA
CSIM190,DRAFT SURVEY IMP EXCLUIDA SIN IVA
CSIM189,DRAFT SURVEY IMP GRAVADA SIN IVA
CSIM188,ALQUILER DE ESTIBAS IMP GRAV IVA 19%
CSIM187,ALQUILER DE ESTIBAS IMP GRAV SIN IVA
CSIM186,FORMULAR INGR Y SALIDA ZF IMP GRAV SIN I
CSIM185,IVA IMPORT ACT FIJO MAYOR VR 19%
CSIM184,IVA IMPORT MAQ Y EQU ACT FIJOS BASE 19%
CSIM183,IVA IMPORTACIONES DESCONTABLE 19%
CSIM182,IVA IMPORTACIONES DESCONTABLE 5%
CSIM179,CARGUE AL CAMION ALMAC IMP EXCL SIN IVA
CSIM178,CARGUE AL CAMION ALMACEN IMP GRAV SIN IV
CSIM177,PESAJE EN DEPOSITO IMP EXCL SIN IVA
CSIM176,PESAJE EN DEPOSITO IMP GRAV SIN IVA
CSIM175,DESCARGUE DE CONTENEDOR IMP EXCL SIN IVA
CSIM174,DESCARGUE DE CONTENEDOR IMP GRAV SIN IVA
CSIM173,CERTIFICACION DE FLETE IMP GRAV SIN IVA
CSIM172,DRAFT SURVEY IMP EXCLUIDA IVA 19%
CSIM171,DRAFT SURVEY IMP GRAVADA IVA 19%
CSIM170,DESCARGUE BARCAZAS IMP EXCLUIDA SIN IVA
CSIM169,DESCARGUE BARCAZAS IMP GAVADA SIN IVA
CSIM168,OTROS COSTOS EN ORIGEN  IMP GRAV SIN IVA
CSIM167,SERVICIO INTEGRAL IMP GRAVADA SIN IVA
CSIM166,URBANEO IMP EXCLUIDAS SIN IVA
CSIM165,URBANEO IMP EXCLUIDAS IVA 19%
CSIM164,URBANEO IMP GRAVADA SIN IVA
CSIM163,SER BODEGAJE ADITIVOS IMP GRAV
CSIM162,SER BODEGAJE ADITIVOS IMP EXC
CSIM161,VALOR SEGURO INTERNAL IMP GRAV SIN IVA
CSIM160,OTROS COSTOS ALMACENAD IMP GRAVADA SIN I
CSIM157,CARGUE AL CAMION PTO IMP EXCLUIDAS IVA19
CSIM156,DESCARGUE DIRECTO IMP EXCLUIDAS SIN IVA
CSIM155,DESCARGUE EN ALMACEN IMP EXCL SIN IVA
CSIM154,OPERADOR PORTUARIO IMP EXCLUIDA SIN IVA
CSIM153,CARGUE AL CAMION PTO IMP GRAVADA IVA 19%
CSIM152,DESCARGUE DIRECTO IMP GRAVADA SIN IVA
CSIM151,DESCARGUE EN ALMACEN IMP GRAVADA SIN IVA
CSIM150,OPERADOR PORTUARIO IMP GRAVADA SIN IVA
CSIM149,TRASL  Y DEV DE CONTEN IMP GRAV IVA 19%
CSIM148,PREINSPECCI…N IMP GRAVADA SIN IVA
CSIM147,PESAJE O DESPACHO IMP GRAVADA SIN IVA
CSIM146,TRASL  Y DEV DE CONTEN IMP EXCL IVA 19%
CSIM145,PREINSPECCI…N IMP EXCLUIDAS IVA 19%
CSIM144,PESAJE O DESPACHO IMP EXCLUIDAS SIN IVA
CSIM142,DESCARGUE EN ALMACEN IMP EXCL IVA19%
CSIM141,DESCARGUE DIRECTO IMP EXCLUIDAS IVA 19%
CSIM140,VALOR SEGURO INTERNAL IMP EXCL IVA 19%
CSIM139,VALOR FLETE INTERNAL IMP EXCL SIN IVA
CSIM138,OTROS COSTOS AGENCIA IMP EXCL IVA 19%
CSIM137,PREINSPECCI…N IMP EXCLUIDAS SIN IVA
CSIM136,GASTOS FIJOS AGENCIA IMP EXCL 19%
CSIM135,ELABORACION DE ZOOSANIT IMP EXCL IVA 19%
CSIM134,ELABORACION DE REGISTRO DE IMPORT EXCL19
CSIM133,ELABORACION DECLAR DE VALOR IMP EXC 19%
CSIM132,ELABORACION DECLAR DE IMPORT EXCL IVA 19
CSIM131,COMISION AGENTE ADUANA IMP EXCL IVA 19%
CSIM130,OTROS COSTOS ALMACENA IMP EXCL IVA 19%
CSIM129,FORMUL INGR Y SALIDA ZF IMP EXCL IVA 19%
CSIM128,PESAJE EN DEPOSITO IMP EXCL IVA 19%
CSIM127,CARGUE AL CAMION ALMAC IMP EXCL IVA 19%
CSIM126,DESCARGUE DE CONTENEDOR IMP EXCL IVA 19%
CSIM125,TRASL  Y DEV DE CONTEN IMP EXCL SIN IVA
CSIM124,MVTO INSPEC ICA O INVIMA IMP EXCL SIN IV
CSIM123,CARGUE AL CAMION PTO IMP EXCL SIN IVA
CSIM122,PESAJE O DESPACHO IMP EXCLUIDAS IVA 19%
CSIM121,MOVILIZACION CONTENEDOR IMP EXCL SIN IVA
CSIM120,USO DE INSTALACIONES IMP EXCL SIN IVA
CSIM119,CERTIFICACION DE FLETE IMP EXCL IVA 19%
CSIM118,DOCUMENT B/L IMP EXCLUIDAS BASE SIN IVA
CSIM117,DOCUMENT B/L IMP EXCLUIDAS BASE IVA 19%
CSIM116,RADICACION DE B/L GRAV IMP EXCL IVA 19%
CSIM115,EMISION DE B/L IMP EXCLUIDAS IVA 19%
CSIM114,COMODATO IMP EXCLUIDAS BASE SIN IVA
CSIM113,COMODATO IMP EXCLUIDAS BASE IVA 19%
CSIM112,CTA MANEJO POR CONT IMP EXCL BASE SIN IV
CSIM111,CTA MANEJO POR CONT IMP EXCL BASE IVA 19
CSIM110,VBO REGISTRO DE IMPORT IMP EXCL SIN IVA
CSIM109,REGISTRO DE IMPORTACION IMP EXCL SIN IVA
CSIM108,TRAMITE INSPECCION ICA IMP EXCL SIN IVA
CSIM107,SOLICITUD ZOO/FITOSANIT IMP EXCL SIN IVA
CSIM105,DESCARGUE EN ALMACEN IMP GRAVADA IVA 19%
CSIM104,DESCARGUE DIRECTO IMP GRAVADA IVA 19%
CSIM103,VALOR SEGURO INTERNACIONAL IMP GRAV 19%
CSIM102,VALOR FLETE INTERNAL IMP GRAV SIN IVA
CSIM101,OTROS COSTOS AGENCIA IMP GRAV IVA 19%
CSIM100,PREINSPECCI…N IMP GRAVADA IVA 19%
CSIM099,GASTOS FIJOS AGENCIA IMP GRAV IVA 19%
CSIM097,ELABORACION DE REGISTRO DE IMP GRAV 19%
CSIM096,ELABORACION DECLAR DE VALOR IMP GRAV 19%
CSIM095,ELABORACION DECLAR DE IMP GRAV IVA 19
CSIM094,COMISION AGENTE ADUANA IMP GRAV IVA 19%
CSIM093,OTROS COSTOS ALMACENAD IMP GRAVADA IVA19
CSIM092,FORMULAR INGR Y SALIDA ZF IMP GRAV IVA19
CSIM091,PESAJE EN DEPOSITO IMP GRAV IVA 19%
CSIM090,CARGUE AL CAMION ALMACEN IMP GRAV IVA 19
CSIM089,DESCARGUE DE CONTENEDOR IMP GRAV IVA19%
CSIM088,TRASL  Y DEV DE CONTEN IMP GRAV SIN IVA
CSIM087,MTO INSP ICA O INVIMA IMP GRAV SIN IVA
CSIM086,CARGUE AL CAMION PTO IMP GRAVADA SIN IVA
CSIM085,PESAJE O DESPACHO IMP GRAVADA IVA 19%
CSIM084,MOVILIZACION CONTENEDOR IMP GRAV SIN IVA
CSIM083,USO DE INSTALACIONES IMP GRAVADA SIN IVA
CSIM082,CERTIFICACION DE FLETE IMP GRAVADA IVA19
CSIM081,DOCUMENT B/L IMP GRAVADA BASE SIN IVA
CSIM080,DOCUMENT B/L IMP GRAVADA BASE IVA19%
CSIM079,RADICACION DE B/L IMP GRAVADA IVA 19%
CSIM078,EMISION DE B/L IMP GRAVADA IVA 19%
CSIM077,COMODATO IMP GRAVADA BASE SIN IVA
CSIM076,COMODATO IMP GRAVADA BASE IVA 19%
CSIM075,CTA MANEJO POR CONT IMP GRAV BASE SIN IV
CSIM074,CTA MANEJO POR CONT IMP GRAV BASE IVA 19
CSIM073,VBO REGISTRO DE IMPORTAC IMP GRAV SIN IV
CSIM072,REGISTRO DE IMPORTACION IMP GRAV SIN IVA
CSIM071,TRAMITE INSPECCION ICA IMP GRAV SIN IVA
CSIM070,SOLICITUD ZOO/FITOSANIT IMP GRAV SIN IVA
CSIM062,SERV FLETE NNAL PARA IMP GRAVADAS
CSIM041,SERV FLETE NNAL PARA IMP EXCLUIDO
CSIM038,ARANCEL P/IMP EXCLUIDAS
CSIM013,ARANCEL P/IMP GRAVADA
CS9595241,COMP MATER DE LABORATORIO SIN IVA RT2.5%
CS959524,COMP MATER DE LABORATORIO 19% RT2.5%
CS9595233,SERV SEGURIDAD INDUSTRIAL 5% RT4%
CS9595232,SERV SEGURIDAD INDUSTRIAL SIN IVA RT2%
CS9595231,SERV SEGURIDAD INDUSTRIAL SIN IVA RT4%
CS959523,SERV SEGURIDAD INDUSTRIAL 19% RT4%
CS959522,HONOR SEGURIDAD INDUSTRIAL 19% RT11%
CS9595212,COMP SEGURIDAD INDUSTRIAL 5% RT2.5%
CS9595211,COMP SEGURIDAD INDUSTRIAL SIN IVA RT2.5%
CS959521,COMP SEGURIDAD INDUSTRIAL 19% RT2.5%
CS959517,COMP DESINFECTANTES 19% RT2.5%
CS9595062,COSTO NO DEDUCIBLE FACT NC TOTAL SIN IVA
CS9595061,COSTO NO DEDUCIBLE FACT NC TOTAL IVA 5%
CS959506,COSTO NO DEDUCIBLE FACT NC TOTAL IVA 19%
CS959501,PEAJES SIN IVA RT0%
CS9565011,SERV PARQUEADEROS SIN IVA RT4%
CS956501,SERV PARQUEADEROS 19% RT4%
CS9560042,SERV MESERO 19% RT4%
CS9560011,SERV CASINO Y RESTAURANTE 19% RT3.5%
CS956001,SERV CASINO Y REST SIN IVA RT3.5% ICO8%
CS954501,SERV TAXIS Y BUSES SIN IVA RT3.5%
CS954001,COMP ENVASES Y EMPAQUES 19% RT2.5%
CS9535011,COMP COMBUST Y LUBRICANTE 19% RT 2.5%
CS953501,COMP COMBUST Y LUBRICANTE SIN IVA RT0.1%
CS9530011,"COMP UTILES, PAPEL Y FOTO SIN IVA RT2.5%"
CS953001,"COMP UTILES, PAPEL Y FOTO 19% RT2.5%"
CS9525014,SERV ELEM ASEO CAFETERIA SIN IVA RT4%
CS9525013,SERV ELEM ASEO CAFETERIA 19% RT4%
CS9525012,COMP ELEM  ASEO CAFETERIA SIN IVA RT2.5%
CS9525011,COMP ELEM ASEO CAFETERIA 5% RT2.5%
CS952501,COMP ELEMASEO CAFETERIA 19% RT2.5%
CS952001,MULTAS SIN IVA RT0%
CS9510011,"HONOR LIBRO,SUSCRIP,PERIOD,REV 19% RT11%"
CS951001,"LIBRO,SUSCRIP,PERIOD,REVIST SIN IVA RT0%"
CS9505021,COMISIONES REGISTRO EN BOLSA 5% RT11%
CS950502,COMISIONES 19% RT11%
CS950501,COMISIONES 5% RT11%
CS552001,COMP PASAJES TERRESTRES SIN IVA RT0%
CS551501TA,TASA AEROPORTUARIA SIN IVA RT0%
CS551501OI,OTROS IMPUESTOS SIN IVA RT0%
CS5515012,PASAJES AEREOS SIN IVA RT0%
CS5515011,COMISI…N PASAJE AEREO 19% RT11%
CS551501,COMP PASAJE AEREO 19% RT0%
CS5505015,SERV ALOJAM Y MANUT SIN IVA RT3.5% ICO8%
CS5505014,COMISI…N ALOJAM Y MANUT 19% RT11%
CS5505013,SERV ALOJAM Y MANUT 5% RT3.5%
CS5505012,SERV ALOJAM Y MANUT SIN IVA RT0%
CS550501,SERV ALOJAM Y MANUT 19% RT3.5%
CS539595,COSTOS Y GASTOS NO DEDUCIBLE
CS5015031,SERV REPARACIONES LOCATIVAS SIN IVA RT4%
CS501503,SERV REPARACIONES LOCATIVAS 19% RT4%
CS501502,HONOR REPARACIONES LOCATIVAS 19% RT11%
CS5015011,COMP REPARACIONES LOCATIVAS 5% RT2.5%
CS501501,COMP REPARACIONES LOCATIVAS 19% RT2.5%
CS501003,SERV ARREGLOS ORNAMENTALES 19% RT4%
CS5010012,COMP ARREGLOS ORNAMENTALES 5% RT2.5%
CS5010011,COMP ARREGLOS ORNAMENTALE SIN IVA RT2.5%
CS501001,COMP ARREGLOS ORNAMENTALES 19% RT2.5%
CS5005031,SERV INSTALACION ELECTRICAS SIN IVA RT4%
CS500503,SERV INSTALACIONES ELECTRICAS 19% RT4%
CS500501,COMP INSTALACIONES ELECTRICAS 19% RT2.5%
CS4540031,SERV MTO REP F Y E TRANSP SIN IVA RT4%
CS454003,SERV MTO Y REP F Y E TRANSP 19% RT4%
CS454002,HONOR MTO REP F Y E TRANSP 19% RT11%
CS4540011,COMP MTO REP F Y E TRANSP SIN IVA RT2.5%
CS454001,COMP MTO REP F Y E TRANSP 19% RT2.5%
CS452503,SERV MTO Y REP E DE COM Y COMP 19% RT4%
CS452502,HONOR MTO Y REP E DE COM COMP 19% RT11%
CS452501,COMP MTO REP E DE COM Y COMP 19% RT2.5%
CS452003,SERV MTO Y REP E DE OFIC 19% RT4%
CS452002,HONOR MTO REP E DE OFICINA 19% RT11%
CS452001,COMP MTO REP E DE OFICINA19% RT2.5%
CS4515031,SERV MTO REP MAQ Y EQUIPO SIN IVA RT4%
CS451503,SERV MTO REP MAQ Y EQUIPO 19% RT4%
CS451502,HONOR MTO REP MAQ Y EQUIPO 19% RT11%
CS4515012,COMP MTO REP MAQ Y EQUIPO 5% RT2.5%
CS4515011,COMP MTO REP MAQ Y EQUIPO SIN IVA RT2.5%
CS451501,COMP MTO REP MAQ Y EQUIPO 19% RT2.5%
CS4510031,SERV MTO REP C Y EDIFIC SIN IVA RT4%
CS451003,SERV MTO REP C Y EDIFIC 19% RT4%
CS451002,HONOR MTO REP C Y EDIFIC 19% RT11%
CS451001,COMP MTO REP C Y EDIFIC 19% RT2.5%
CS4015011,SERV GTOS LEG TRAMITE LICENCIA 19% RT4%
CS401501,GTOS LEG TRAMITES/LICENCIAS SIN IVA RT0%
CS401001,GTOS LEG REGIS MERCANT SIN IVA RT0%
CS400501,GTOS LEGALES NOTARIALES 19% RT0%
CS3595241,SERVICIO MARCACION BULTO
CS359524,ARREND OTROS EQUIP LOGISTICOS 19% RT4%
CS359511,SERV DE FUMIGACION 19% RT4%
CS3595041,SERV DESCARG MANO OBRA CONT SIN IVA RT4%
CS359504,SERV DESCARG MANO OBRA CONT 19% RT4%
CS3595032,SERV BODEGAJES SIN IVA RT4%
CS3595031,SERV BODEGAJES 5% RT4%
CS359503,SERV BODEGAJES 19% RT4%
CS3595021,SERV DE ADMON 19% RT4%
CS359502,SERV DE ADMON SIN IVA RT4%
CS3595011,SERV COMUNICACIONES SIN IVA RT3.5%
CS359501,SERV COMUNICACIONES 19% RT4%
CS3560157,SERV ESTRATEG ADICIONAL SIN IVA RT4%
CS3560155,COMP ESTRATEG ADICIONAL SIN IVA RT2.5%
CS3560154,SERV ESTRATEG ADICIONALES 5% RT4%
CS3560153,COMP ESTRATEG ADICIONALES 5% RT2.5%
CS3560152,SERV ESTRATEG ADICIONALES 19% RT4%
CS3560151,HONOR ESTRATEG ADICIONALES 19% RT11%
CS356015,COMP ESTRATEG ADICIONALES 19% RT2.5%
CS3560137,SERV FACHADA DISTRIBUIDORES SIN IVA RT4%
CS3560135,COMP FACHADA DISTRIBUIDOR SIN IVA RT2.5%
CS3560134,SERV FACHADA DISTRIBUIDORES 5% RT4%
CS3560133,COMP FACHADA DISTRIB 5% RT2.5%
CS3560132,SERV FACHADA DISTRIBUIDORES 19% RT4%
CS3560131,HONOR FACHADA DISTRIBUIDORES 19% RT11%
CS356013,COMP FACHADA DISTRIBUIDORES 19% RT2.5%
CS3560127,SERV VALLAS PUBLICITARIAS SIN IVA RT4%
CS3560125,COMP VALLAS PUBLICITARIAS SIN IVA RT2.5%
CS3560124,SERV VALLAS PUBLICITARIAS 5% RT4%
CS3560123,COMP VALLAS PUBLICIT 5% RT2.5%
CS3560122,SERV VALLAS PUBLICITARIAS 19% RT4%
CS3560121,HONOR VALLAS PUBLICITARIAS 19% RT11%
CS356012,COMP VALLAS PUBLICITARIAS 19% RT2.5%
CS3560117,SERV REGIST Y PAPEL PROM SIN IVA RT4%
CS3560115,COMP REGIST Y PAPEL PROM SIN IVA RT2.5%
CS3560114,SERV REGIST Y PAPEL PROM 5% RT4%
CS3560113,COMP REGIST Y PAP PROM 5% RT2.5%
CS3560112,SERV REGISTROS Y PAPEL PROMOC 19% RT4%
CS3560111,HONOR REGIST Y PAP PROMOC 19% RT11%
CS356011,COMP REGISTROS Y PAP PROMOC 19% RT2.5%
CS3560107,SERV CONVENCION VENTAS SIN IVA RT4%
CS3560105,COMP CONVENCION VENTAS SIN IVA RT2.5%
CS3560104,SERV CONVENCION VENTAS 5% RT4%
CS3560103,COMP CONVENCION VENTAS 5% RT2.5%
CS3560102,SERV CONVENCION VENTAS  19% RT4%
CS3560101,HONOR CONVENCION VENTAS 19% RT11%
CS356010,COMP CONVENCION VENTAS 19% RT2.5%
CS3560097,SERV REGA ATENC CLIENT SIN IVA RT4%
CS3560095,COMP REGA ATENC CLIENT SIN IVA RT2.5%
CS3560094,SERV REGA ATENC CLIENT 5% RT4%
CS3560093,COMP REGA ATENC CLIENT 5% RT2.5%
CS3560092,SERV REGA ATENC CLIENT 19% RT4%
CS3560091,HONOR REGA ATENC CLIENT 19% RT11%
CS356009,COMP REGA ATENC CLIENT 19% RT2.5%
CS3560087,SERV ARTIC PROMOCIONAL SIN IVA RT4%
CS3560085,COMP ARTIC PROMOCIONAL SIN IVA RT2.5%
CS3560084,SERV ARTIC PROMOCIONAL 5% RT4%
CS3560083,COMP ARTIC PROMOCIONAL 5% RT2.5%
CS3560082,SERV ARTIC PROMOCIONAL 19% RT4%
CS3560081,HONOR ARTIC PROMOCIONAL 19% RT11%
CS356008,COMP ARTIC PROMOCIONAL 19% RT2.5%
CS3560059,ARREND EQUIP FERIAS Y EVENTOS 19% RT4%
CS3560058,SERV FERIA Y EVENTO SIN IVA RT3.5% ICO8%
CS3560057,SERV FERIA Y EVENTO SIN IVA RT4%
CS3560055,COMP FERIA Y EVENTO SIN IVA RT2.5%
CS3560054,SERV FERIA Y EVENTO 5% RT4%
CS3560053,COMP FERIA Y EVENTO 5% RT2.5%
CS3560052,SERV FERIA Y EVENTO 19% RT4%
CS3560051,HONOR FERIA Y EVENTO 19% RT11%
CS356005,COMP FERIA Y EVENTO 19% RT2.5%
CS3560047,SERV PREMIOS Y CONCURSOS SIN IVA RT4%
CS3560045,COMP PREMIOS Y CONCURSOS SIN IVA RT2.5%
CS3560044,SERV PREMIOS Y CONCURSOS 5% RT4%
CS3560043,COMP PREMIOS Y CONCURSOS 5% RT2.5%
CS3560042,SERV PREMIOS Y CONCURSOS 19% RT4%
CS3560041,HONOR PREMIOS Y CONCURSOS 19% RT11%
CS3560040,COMP PREMIOS Y CONCURSOS 19% RT2.5%
CS356004,SERV PUBLIC PROP Y PROMOC SIN IVA RT4%
CS356003,SERV PUBLIC PROP Y PROMOC 19% RT4%
CS356002,HONOR PUBLIC PROP Y PROMOC 19% RT11%
CS3560012,COMP PUBLIC PROP Y PROMOC 5% RT2.5%
CS3560011,COMP PUBLIC PROP Y PROMOC SIN IVA RT2.5%
CS356001,COMP PUBLIC PROP Y PROMOC 19% RT2.5%
CS355501,SERV GAS SIN IVA RT0%
CS355002,SERV FLETES INTERNOS SIN IVA RF1%
CS3550013,SERV MOVIMIENTO MONTACARGA SIN IVA RT4%
CS3550012,SERV MOVIMIENTO MONTACARGA 19% RT4%
CS3550011,SERV TRANSP FLETES ACARREOS 19% RT3.5%
CS355001,"SERV TRANSP,FLETES/ACARREOSSIN IVA RT1%"
CS354001,"SERV CORREO, PORTES Y TELEG SIN IVA RT0%"
CS3535013,COMPR GTOS TELEFONO SIN IVA RT0%
CS3535012,COMP GASTO TELEFONO 19% RT0%
CS3535011,SERVICIO TELEFONO SIN IVA RT0%
CS353501,SERV TELEFONO 19% RT0%
CS353001,SERV ENERGIA ELECTRICA SIN IVA RT0%
CS352501,SERV ACUEDUCTO Y ALCANT SIN IVA RT0%
CS352001,SERV PROC ELECTRON DATOS SIN IVA RT4%
CS351504,HONOR ANALISIS LABORATORIO 19% RT11%
CS3515014,SERV ASIST TECNICA 5% RT4%
CS3515011,SERV ASIST TECNICA SIN IVA RT4%
CS351501,SERV ASIST TECNICA 19% RT4%
CS3510012,SERV TEMPORALES SIN IVA RT0%
CS351001,SERV TEMPORALES 19% RT1%
CS350504,SERV ASEO Y VIGILANCIA 19% RT4%
CS350503,SERV ASEO Y VIGILANCIA SIN IVA RF2%
CS350502,SERV ASEO Y VIGILANCIA SIN IVA RT0%
CS350501,SERV ASEO Y VIGILANCIA 19% RT2%
CS309502,SEGURO DE TRANSPORTE DE VALORES 19% RT0%
CS309501,SEGURO TODO RIESGO 19% RT0%
CS308501,SEGURO TRANSPORTE DE MERCANCIA 19% RT0%
CS308001,SEGURO LUCRO CESANTE 19% RT0%
CS307501,SEGURO OBLIG ACCID DE TRANS SIN IVA RT0%
CS307001,SEGURO ROTURA DE MAQUINARIA 19% RT0%
CS306001,SEGURO RESPON CIVIL Y EXTRACONT 19% RT0%
CS304001,SEGURO FLOTA Y E DE TRANSPORTE 19% RT0%
CS302501,SEGURO INCENDIO 19% RT0%
CS302011,ANTICIPO A AGENTES ADUANAS COP
CS3020011,SEGURO DIFERIDOS SIN IVA RT0%
CS302001,SEGURO DIFERIDOS 19% RT0%
CS301511,ANTICIPO A TRABAJADORES SIN IVA RT0%
CS301001,SEGURO CUMPLIMIENTO 19% RT0%
CS300521,ANTICIPOS PROYECTOS PPYEQUIPOS EUR
CS300520,ANTICIPOS PROYECTOS PPYEQUIPOS USD
CS300519,ANTICIPO A ACREEDORES EUR
CS300518,ANTICIPO A ACREEDORES USD
CS300516,ANTICIPOS ACTIVOS FIJOS MAQUINARIA
CS300515,ANTICIPO A ACREEDORES SERV SIN IVA RT0%
CS300514,ANTICIPOS PROYECTOS PPYEQUIPOS COP
CS300512,ANTICIPO A PROV INVENT DEL EXTERIOR USD
CS300511,ANTICIPO A PROVEEDORES COP
CS300501,SEGURO MANEJO 19% RT0%
CS2510011,AFILIACIONES Y SOSTENIMIENTO 19% RT0%
CS251001,AFILIACIONES Y SOSTENIMIENT SIN IVA RT0%
CS250509,SOBRETASA ENERGIA ART 313 SIN IVA RT0%
CS250505,CONTRIBUCIONES GAS SIN IVA RT0%
CS250503,CONTRIBUCIONES ENERGIA SIN IVA RT0%
CS250502,CONTRIBUCIONES SIN IVA RT0%
CS204007,ARREND OTROS EQUIP OPERACI…N 19% RT4%
CS204006,ARREND BANDAS TRANSPORTADORAS 19% RT4%
CS204005,ARREND SUCCIONADORA 19% RT4%
CS204004,ARREND GRUAS 19% RT4%
CS204003,ARREND CARGADORES 19% RT4%
CS204002,ARREND CUCHARAS 19% RT4%
CS204001,ARREND FLOTA Y EQUIPO DE TRANSP 19% RT4%
CS202501,ARREND EQUIP DE COMPUT Y C 19% RT4%
CS202001,ARREND EQUIP DE OFICINA 19% RT4%
CS2015011,ARREND MAQ Y EQUIP SIN IVA RT4%
CS201501,ARREND MAQ Y EQUIP 19% RT4%
CS201002,ARREND CONST Y EDIFIC SIN IVA RT3.5%
CS201001,ARREND CONST Y EDIFIC 19% RT3.5%
CS159551,IMP AL ALUMBRADO SIN IVA RT0%
CS159546,IMPUESTO SALUDABLE-ICUI
CS159545,IMPUESTO SALUDABLE-IBUA
CS154001,IMP DE VEHICULOS SIN IVA RT0%
CS152007,IMP A LAS BOLSAS PLASTICAS SIN IVA RT0%
CS151501,A LA PROPIEDAD RAIZ
CS103501,HONOR ASESORIA TECNICA 19% RT11%
CS103001,HONOR ASESORIA FINANCIERA 19% RT11%
CS102501,HONOR ASESORIA JURIDICA 19% RT11%
CS101501,HONOR AUDITORIA EXTERNA 19% RT11%
CS101001,HONOR REVISORIA FISCAL 19% RT11%
CS0584013,SERV GAST MEDICO Y DROGAS 19% RT2%
CS0584012,SERV GAST MEDICO Y DROGAS SIN IVA RT2%
CS0584011,COMP GAST MEDICO Y DROGAS 19% RT2.5%
CS058401,COMP GAST MEDICO Y DROGAS SIN IVA RT2.5%
CS0566018,SERVICIO GASTOS DEPORT Y RECREACI SIN IV
CS0566017,SERVICIO GASTOS DEPORT Y RECREACI 5%
CS0566016,SERVICIO GASTOS DEPORT Y RECREACI 19%
CS0566014,HONORARIOS GASTOS DEPORT Y RECREACI SIN
CS0566013,HONORARIOS GASTOS DEPORT Y RECREACI 19%
CS0566012,COMPRAS GASTOS DEPORT Y RECREACI SIN IVA
CS0566011,COMPRAS GASTOS DEPORT Y RECREACI 5%
CS056601,COMPRAS GASTOS DEPORT Y RECREACI 19%
CS056301,HONOR CAPACIT AL PERSONAL  19% RT11%
CS0551011,COMP DOTACION SUMINISTRO SIN IVA RT2.5%
CS055101,COMP DOTACION Y SUMINISTROS 19% RT2.5%
CS052101,VIATICOS-TAXIS Y BUSES
CS0520021,INTERESES DE MORA SIN IVA RT7%
CS052002,INTERESES DE MORA 19% RT7%
CS052001,INTERESES CORRIENTES SIN IVA RT7%
CS051504,COMISI…N CONSIGNACI…N NACIONAL 19% RT0%
CS051501,REMESAS 19% RT0%
CAFIN16253,EN BN RECIB ARREND FIN19% RT2.5% ICO8%
CAFIN16200,CONCESIONES 19% RT2.5% ICO8%
CAF8850111,ACUED PLANTA REDES CTA PTE 19%2.5%
CAF885011,ACUED PLANTA REDES CTA PTE 19%2.5%PRODUC
CAF8830113,FLOTA Y EQ TRANS CTA PTE 19% ICO 8% RF1%
CAF8830112,FLOTA Y EQ TRANSP CTA PUENTE 19% RF 2.5%
CAF883011,FLOTA Y EQ TRANS CTA PTE 19% 2.5% PRODUC
CAF8815111,EQ DE COMP Y COMUNIC CTA PUENTE 19% 2.5%
CAF881511,EQ DE COMP Y COMUNIC CTA PUENTE SIN IVA
CAF8810111,EQ DE OFICINA CTA PUENTE 19% 2.5%
CAF881011,EQ DE OFICINA CTA PUENTE SIN IVA
CAF8805116,MAQ Y EQ CTA PUENTE 19% RF 2.5%
CAF8805115,MAQ Y EQ CTA PUENTE 19% RF 4%
CAF8805114,MAQ Y EQ CTA PUENTE 5% RF 2.5% PRODUCTI
CAF8805113,MAQ Y EQ CTA PUENTE 19% RF 4% PRODUCTIVO
CAF8805112,MAQ Y EQ CTA PUENTE 19% RF 2.5% PRODUCTI
CAF8805111,MAQ Y EQ CTA PUENTE 5% RF 2.5%
CAF880511,MAQ Y EQ CTA PUENTE SIN IVA RF 2.5%
CAF121513,HONOR E DE COMP Y COM EN CURSO 19% RT11%
CAF1215121,SERV E DE COMP/COM EN CURSO SIN IVA%RT4%
CAF121512,SERV E DE COMP Y COM EN CURSO 19% RT4%
CAF121013,HONOR E DE OFIC EN MONTAJE 19% RT11%
CAF121012,SERV E DE OFIC EN MONTAJE 19% RT4%
CAF120513,HONOR MAQ Y EQUIPO EN MONTAJE 19% RT11%
CAF1205121,SERV MAQ Y EQUIPO EN MONTAJESIN IVA RT4%
CAF120512,SERV MAQ Y EQUIPO EN MONTAJE 19% RT4%
CAF120511,COMP MAQ Y EQUIPO EN MONTAJE 19% RT2.5%
CAF081513,HONOR VIAS DE COMUN EN CURSO 19% RT11%
CAF081512,SERV VIAS DE COMUN EN CURSO 19% RT4%
CAF081013,HONOR ACUE PLANT Y RED CURSO 19% RT11%
CAF081012,SERV ACUE PLANT Y RED CURSO 19% RT4%
CAF080513,HONOR CONST EDIFIC CURSO 19% RT11%
CAF0805122,SERV CONST Y EDIFIC CURSO A REAL P19%RT4
CAF0805121,SERV CONST Y EDIFIC CURSO SIN IVA RT2%
CAF080512,SERV CONST Y EDIFIC CURSO 19% RT4%
211000,IVERMECTINA
1362,VIT B9 ACIDO FOLICO 80%
211002,ALCANFOR
211003,CIPERMETRINA
211004,CLOTRIMAZOL
211005,DEXAMETAZONA SODIO FOSFATO
211006,D PANTENOL
211007,ERITROMICINA BASE
211008,ERITROMICINA ESTEARATO
211009,ESTREPTOMICINA SULFATO
211010,GUAYACOL
211011,TRICLOSAN (IRGASAN DP 300)
1745,LINCOMICINA HCL98%
211013,MENTOL CRISTALES
211014,NEOMICINA SULFATO
1346,VIT B3 NIACINAMIDE 98%
211016,OXITETRACICLINA BASE
501778,DC VIT B5 (PANTOTENATO DE CALCIO)
211018,PRAZIQUANTEL
211019,SALICILATO DE METILO
211020,SULFADIAZINA SODICA
211021,SULFAGUANIDINA MONOHIDRATO
1403,SULFATO DE MAGNESIO 7H2O Mg 9.86%
211025,TRIMETOPRIM MICRONIZADO
211026,VITAMINA B1 (TIAMINA HCL)
211027,RIBOFLAVINA 5 FOSFATO SODICO (VITAMINA B
1356,VIT B6 PIRIDOXINA HCL 99%
211029,VITAMINA A PALMITATO
211030,VITAMINA A ACETATO POLVO 500 klU/g
1368,VIT B12 CIANOCOBALA 1%
211032,VITAMINA D3 POLVO 500 klU/g
211033,VITAMINA E POLVO AL 50%
211034,VITAMINA K3 POLVO (MENADIONA SODIO BISUL
211035,SULFAQUINOXALINA SODICA
211036,COLISTINA SULFATO
211037,TREMENTINA
501775,DC VIT C (ACIDO ASCORBICO) 97%
1716,SULFAMETAZINA98%
1408,SULFATO DE COBRE 5H20 Cu25%
584,L-LYSINE HCL 98 LISINA 78%
605,L-ISOLEUCINE ISOLEUCINA 98%
211043,L LEUCINA
211044,L HISTIDINA
603,L-TRYPTOPHAN TRIPTOFANO 98%
607,L-VALINE VALINA 98%
601,L-THREONINE TREONINA 98%
211048,L FENILALANINA
596,L METIONINA 99%
1434,CLORURO DE CALCIO CaCl2 94%
211051,DEXTROSA
2135,GLUTAMATO MONOSODICO
1380,VIT H BIOTIN 98%
1830,QFOS 25 AURO FOSFOMICINA CALCICA 25%
211055,MELOXICAN
211056,CEFTIOFUR SODICO
211057,DIACETURATO DE DIMINAZENE
211058,ANTIPIRINA (MICRONIZADA)
211059,PENICILINA 6 POTASICA
211060,PENICILINA G PROCAINICA
1752,CIPROFLOXACINA HCL AURO CIPROFL98%
211062,SULFATO DE CONDROITINA
2484,SULFATO DE GLUCOSAMINA 98%
211064,METIL SULFONIL METANO
211065,ACIDO SALICILICO
211066,VITAMINA E LIQUIDA OLEAOSA X KG
91736,DOXICICLINA 50%
1750,AMOXAVET 50 GVM AMOXICILINA50%
211069,AMOXICILINA TRIHIDRATO POLVO
1682,TM-700 PHIBRO OXITETRACICLINA77.8%
211071,TILVALOSINA TARTRATO
211072,EXTRACTO DE CALENDULA
211073,EXTRACTO DE ALOE VERA
211074,DORAMECTINA
211075,FEBANTEL
211076,GLUCONATO DE CLORHEXIDINA SOLUCION AL20%
211077,NITRATO DE MICONAZOL
211078,ESTANDAR PRIMARIO
211079,LIDOCAINA HCL
211080,GENTAMICINA
211081,GLUCOSAMINA CLORHIDRATO POLVO
211082,FENOGRECO SEMILLAS EN POLVO
211083,HARPAGOFITO RAIZ POLVO
211084,ASHWAGANDHA RAIZ POLVO
211085,REGALIZ RAZ POLVO
211086,BOSWELLIA RESINA POLVO
211087,ACEITE ESENCIAL DE LAVANDA
211088,GLUTARALDEHIDO 50%
211089,CLORURO DE COLINA LIQUIDO
211090,YODO METALICO
212000,ALBENDAZOL
1724,HALQUINOL 99%
212002,PAMOATO DE PIRANTEL
212003,PIPERAZINA FOSFATO
212004,RAFOXANIDE
212005,TIABENDAZOL
212006,AMPROLIO HCL
1890,FENBENDAZOLE 99%
212008,BOLDENONA UNDECILINATO
1684,ECOMAX AURO CLORTETRACI20%
2013,RACTOPAMINA 99%
1692,TIAMULINA FUMARATO HIDROGENADO98%
212012,NICARBAZINA 100%
1751,ESPECTINOMICINA SULFATO
212014,HIERRO DEXTRAN ESTERIL 20% USP
212015,DOXICICLINA HICLATO
2235,DRESQUIN 66 DRESEN ANTIOXIDANTE
212017,TOLTRAZURIL
212019,TILOSINA TARTRATO
1701,TILMICOSINA75%
1720,TILOSINA FOSFATO90%
1730,FLORFENICOL98%
212023,NORFLOXACINA BASE
221000,ALCOHOL BENCILICO
221001,GLICEROL FORMAL
221002,PROPILENGLICOL
483,ACEITE DE SOYA (IVA19%)
221004,ACIDO ACETICO
221005,ACIDO CITRICO ANHIDRO
221006,ACIDO FOSFORICO
221007,ACIDO LACTICO
501750,DC DIOXIDO DE SILICIO
221009,ALCOHOL ESTEARILICO
221010,AZUCAR PULVERIZADA
221011,AZUCAR REFINADA
221012,BENZOATO DE SODIO
221013,CAOLIN COLOIDAL
221014,CARBOMERO 940 (CARBOPOL)
221015,CARBOXIMETILCELULOSA SODICA
221016,CLORURO DE MAGNESIO HEXAHIDRATADO
221017,CLORURO DE POTASIO
221018,CLORURO DE SODIO
221019,COLOR AMARILLO No 5
221020,COLOR ROJO FRESA
221021,GOMA XANTAN
221022,ESENCIA MANZANA
221023,GLICERINA
221024,PERFUME HERBAL
221025,HIDROXIDO DE POTASIO
221026,LECITINA DE SOYA
221027,POLOXAMERO F 127 (LUTROL)
221028,MALTODEXTRINA
221029,METILPARABENO SODICO
221030,MONOETANOLAMINA
221031,PECTINA CITRICA RAPIDA
221032,N METIL 2 PIRROLIDONA (PHARMASOLVE)
221033,POLIVINILPIRROLIDONA K 30
221034,POLIVINILPIRROLIDONA K 17
501752,DC PROPILPARABENO SODICO
221036,PROPILPARABENO PURO
501769,DC PROPIONATO DE CALCIO 99%
221038,SABOR CARAMELO
221039,SABOR MENTA
221040,SABOR CHICLE LIQUIDO
221041,SABOR DURAZNO LIQUIDO
221042,SABOR VAINILLA LIQUIDO
221043,SACARINA SODICA
221044,SILICONA ANTIESPUMANTE
221045,SODIO FORMALDEHIDO SULFOXILATO
221046,SORBITOL LIQUIDO
221047,MONOESTEARATO DE SORBITAN 60 (SPAN)
221048,SULFATO DE COBALTO
221049,LAURIL ETER SULFATO SODIO 70(TEXAPON)
221050,TRIACETINA
221051,POLISORBATO 80 (TWEEN)
221052,VASELINA AMARILLA
221053,VASELINA BLANCA
221054,ALCOHOL CETILICO
221055,COLOR AZUL N1
221056,EDTA DISODICO
80,HARINA DE MAIZ
221058,HIDROXIDO DE SODIO
221059,LACTOSA BLANCA MONOHIDRATADO
221060,MIRISTATO DE ISOPROPILO
221061,POLIETILENGLICOL 400
113,HARINA DE TRIGO DE 3a
221063,FORMALDEIDO SULFOXILATO
221064,METILPARABENO PURO
2051,CAOLIN
221066,CELULOSA MICROCRISTALINA PH 101 (AVICEL)
221067,PARAFINA SOLIDA
221068,ACEITE DE GIRASOL
221069,COCOAMIDA DEA (COMPERLAND KD)
221070,2 PIRROLIDONA (SOLUPHOR)
221071,HIDROXIDO DE CALCIO
570,CLORURO DE COLINA 60% VAR IMPORT
165,CASCARILLA DE ARROZ MOLIDO
221074,NONIL FENOL 10 MOLES
221075,NONIL FENOL 20 MOLES
221076,CITRATO DE SODIO
221077,OXIDO DE MAGNESIO
528,CARBONATO DE CALCIO R-35
221079,FOSFATO MONOBASICO DE SODIO
221080,TALCO USP
221081,SOLVENTE AROMATICO 150 (SOLVESSO)
221082,CARBOMERO 934 (CARBOPOL)
221083,GALATO DE PROPILO
221084,FENIL SULFONATO DE CALCIO
2052,ACEITE MINERAL
221086,ACIDO ESTEARICO
221087,CETOMACROGOL
221088,L METIONINA GRADO ALIMENTICO
613,L-ARGININE ARGININA 98.5%
221090,L LISINA GRADO ALIMENTICO
221091,L CISTEINA GRADO ALIMENTICO
221092,L GLICINA GRADO ALIMENTICO
221093,FOSFATO DE CALCIO DIHIDRATO
221094,AMILASA
221095,PEPSINA
1391,INOSITOL
221097,YODURO DE POTASIO
1399,ZINC SULPHATE 1H2O Zn35%
221099,LEVADURA DE CERVEZA (BIOMOS)
221100,SELENITO DE SODIO
221101,L ISOLEUCINA GRADO ALIMENTICIO
221102,L TRIPTOFANO GRADO ALIMENTICIO
221103,L VALINA GRADO ALIMENTICIO
221104,SABOR VAINILLA EN POLVO
1415,SULFATO FERROSO HEPTAHIDRATADO Fe19.5%
221106,SULFATO DE MANGANESO MONOHIDRATO
1666,BIOPOWDER YUCCA SCHIDIGERA VAR PRO
611,L-TAURINE TAURINA 98%
221109,L CARNITINA
221110,L TREONINA GRADO ALIMENTICIO
221111,PROLINA
221112,L ALANINA GRADO ALIMENTICIO
221113,L TIROSINA GRADO ALIMENTICIO
221114,EXTRACTO SACCHAROMYCES CEREVISIAE (NUPRO
221115,SILICATO DE ALUMINIO (ZEOLITAS)
221116,FRUCTOLIGOSACARIDO (FOS)
221117,ACIDO HIALURONICO
221118,COLAGENO
221119,EXTRACTO COLA DE CABALLO
221120,EXTRACTO TE VERDE
221121,OMEGA 3 (DHA) EN POLVO
221122,SELENIOMETIONINA
221123,PARED CELULAR DE SCHAROMYCES CEREVISAE
221124,SABOR POLLO
221125,SABOR MELAZA
221126,ALCOHOL ETILICO
221127,AGUA ESTERIL X 5 ML
221128,CARBONATO Y SILICE AMORFO ( ANTICOMPACTA
221129,L LEUCINA GRADO ALIMENTICIO
221130,L FENILALANINA ALIMENTICIA
221131,L HISTIDINA GRADO ALIMENTICIO
221132,L ARGININA BASE GRADO ALIMENTICIO
1625,LECITINA DE SOYA POLVO EMULS
221134,COLOR VERDE MENTA
221135,CLORURO DE POTASIO ANTICOMPACTANTE
615,L-GLUTAMINA
1560,LEVUCELL SB10 SPIN PROB
221138,AROMA DE BANANO
1430,PROPIONATO DE CROMO INOVEL Cr0.4%
221140,ACEITE DE LINAZA X KKG
154,ALMIDON DE YUCA
221142,ACEITE DE ROMERO
571,BETAINA ANHIDRA 96% VAR IMPORT
1437,AZUFRE S99.95%
221145,LINAZA MOLIDA
1464,ENMASCARANTE (MALTODEXTRINA) AURO
221147,SABOR FRUTOS ROJO
221148,ACEITE DE CANOLA
221149,SABOR BANANO LIQUIDO OLEOSO
221150,SABOR BANANO POLVO
221151,LACTATO DE CALCIO
221152,EUPERLAN /PROPECG EGMS 36
221153,FRAGANCIA PURE 83214P
221154,METILSOTIAZOLINONE/ PROCIDE 1.5 PROCIDE
221155,COCOAMIDO PROPILBETAINA
221156,ALCOHOL ETOXILADO C9 C 11
221157,POLIENTILENGLICOL PEG 50/ RESPLANTE KARI
221158,DIESTEARATO PEG 50/ VISCOCHEM
221159,ACIDO SORBICO
501771,DC FORMIATO DE SODIO 95%
221161,TEXAPON 28% PROLESS 28
221162,SORBATO DE POTASIO
221163,ACEITE DE RICINO
221164,LACTASA BONLACTA
2233,BHA DRESEN ANTIOXIDANTE
221166,FUMOSIN B1 REFERENCE MATERIAL
221167,DEOXYNIVALENOLREFERENCE MATERIAL
221168,ZEARALENONEREFERENCE MATERIAL
221169,CORN SYRUP (JARABE DE MAIZ)
1950,ANTITOX INPSAS ATRAPANTE
1975,LUPROGRAIN LIQ BASF ANTIFUNGICO
221172,LACTOBACILLUS JENSENNII
221173,LACTOBACILLUS REUTERI
221174,BACILLUS SUBTILIS SUBSP. SPIZIZENII
221175,BUTYRICICOCCUS PULLICAECORUM
529,CARBONATO DE CALCIO QE2 Ca39%
1957,FREE-TOX XP NUTREX ATRAPANTE
1938,ALPHAFEED BENTOCOL ATRAPANTE
221179,RECODAN CM VEG SC
221181,EXTRACTO DE MALTA LIQUIDO
221182,TIMSENG
221183,DIMODAN HP MB
2229,TRIPOLIFOSFATO DE SODIO
221185,LECHE EN POLVO DESLACTOSADA SEMIDESCREMA
221186,SABOR MANZANA VERDE EN POLVO
221187,DATILES DESHIDRATADOS
221188,ARANDANOS DESHIDRATADOS
221189,AVENA EN HOJUELAS PRECOCIDA
221190,JARABE LIGTH DE MAIZ
221191,MANI
221192,HOJUELAS DE MAIZ
221193,SALMON
221194,MIEL DE ABEJAS
221195,HARINA DE TRIGO BLANCA
221196,CASEINATO DE SODIO
221197,GENTAMICINA SULFATO
221198,CLORURO DE BENZALCONIO
221199,FOSFATO DISODICO ANHIDRO
501795,DC PROPIONATO DE SODIO
1444,BENTONITA AURO ANTICOMPAC
221203,MANZANA VERDE DESHIDRATADA TROZOS
221204,MANZANA ROJA DESHIDRATADA TROZOS
221205,FRESA DESHIDRATADA TROZOS
221206,ZANAHORIA DESHIDRATADA TROZOS
221207,PINA DESHIDRATADA TROZOS
221208,BANANO DESHIDRATADO TROZOS
221209,ARANDANOS DESHIDRATADO TROZOS
221211,TORTA DE SOYA MOLIDA
106,MOGOLLA DE TRIGO
527,CARBONATO DE CALCIO GRUESO
181,POLVILLO DE CEBADA
221215,SABOR QUESO POLVO NAT TYPE CHEED
221216,BUTOXIDO DE PIPERONILO
221217,SABOR MANTEQUILLA POLVO
221218,GLUCURONOLACTONA POLVO GRADO ALIMENTICIO
221219,INULINA 90% POLVO GRADO ALIMENTICIO
501787,DC AJO EN POLVO
221221,ESPIRULINA POLVO GRADO ALIMENTICIO
2077,CURCUMA EN POLVO X 1kg TECNAS
221223,CORIANDRO POLVO GRADO ALIMENTICIO
221224,EQUINACEA RAZ POLVO GRADO ALIMENTICIO
501792,DC JENGIBRE EN POLVO
221226,HINOJO SEMILLA POLVO GRADO ALIMENTICIO
221227,LAUREL HOJA POLVO GRADO ALIMENTICIO
501793,DC HOJA DE MENTA EN POLVO
221229,EXTRACTO SECO MANZANILLA POLVO USP
221230,EXTRACTO CRANBERRY 10% POLVO MALLA 80 US
221231,PINA BROMELINA POLVO
221232,OREGANO HOJA GRADO ALIMENTICIO
501788,DC ALBAHACA EN POLVO
221234,EUCALIPTO HOJA GRADO ALIMENTICIO
221235,CANELA CORTEZA GRADO ALIMENTICIO
501790,DC CIDRON EN POLVO
501794,DC LIPPIA EN POLVO
501791,DC CLAVO EN POLVO
221240,CARNE DE GALLINA EN POLVO
501770,DC DIACETATO DE SODIO
221242,AGUA ESTERIL X 10 ML
221243,HIDROLIZADO DE HIGADO LQUIDO
221244,PANELA EN POLVO
221245,MELAZA LIQUIDA
581885,DC FOSFATO DE HIDRO DIPOTASICO (K2HPO4)
221247,ANATO ACHIOTE (SEMILLA POLVO)
152,HARINA DE YUCA
221249,HARINA DE AVENA
221250,PROTEINA DE SOYA
221251,LINAZA SEMILLA
221252,HARINA DE CARNE
221253,HARINA DE HUEVO
221254,MIGLYOL 812 N LIQUIDO
221255,CLORURO DE BENZALCONIO POLVO AL 50 %
221256,CORCHO EN POLVO
221257,CORCHO GRANULADO VIRGEN
221258,PROTEINA VEGETAL HIDROLIZADA LIQUIDA
221259,OMEGA 369 POLVO
221260,SURFACTANTE NATURAL
221261,ACTIVADOR PROTEICO
221262,POLIACRILATO DE SODIO
221263,QUITINA
221264,BUTIRATO DE SODIO
221265,FORMIATO DE CALCIO
221266,EXTRACTO DE GRANADA
557,BICARBONATO DE SODIO 99% Na27%
221268,COLOR VERDE LIMN
221269,LUTEINA 5% EN POLVO
221270,ACIDO LAURICO
221271,FOSFATO DIAMONICO
221272,ACEITE DE HIGADO DE BACALAO
2234,BHT FEED GRADE DRESEN ANTIOXIDANTE
222001,EXTRACTO DE SILIMARINA 80%
222002,EXTRACTO DE CYNARA 5%
222003,MYCO AD
1935,MYCO AD A-Z AMERIVET ATRAPANTE
1808,BACILLUS LICHENIFORMIS 200 B CFU/GR PROB
1809,BACILLUS SUBTILIS 200 B CFU/GR PROB
2041,EXTRACTO CURCUMA(TURMERIC) AC ESENCIALES
2026,EXTRACTO DE OREGANO AC ESENCIALES
2027,EXTRAC DE CANELA (CINNAMMON) AC ESENCIAL
2025,EXTRAC DE PIMIENTA (PEPPER) AC ESENCIAL
311000,TAPA NEGRA ENV INY X 200 500
311001,TAPA NEGRA ENVASE INY 15 50
311002,AGRAFE METALICO X 20MM
311003,AGRAFE METALICO X 30MM
311004,BOLSA BLANCA PREMEZCLA
311005,SOBRE PLATEADO X 100 GR DOY PACK
311006,SOBRE PLATEADO X 250 GR DOY PACK
311007,SOBRE PLATEADO X 1 KG DOY PACK
311008,BOLSA NEGRA 51 X 70cm VITAMINAS PX
311009,TUBO COLAPSIBLE QTYCON X 30 GR
311010,FRASCO VIDRIO AMBAR INY X 10 ML TIPO 2
311011,FRASCO VIDRIO AMBAR INY X 100 ML TIPO 2
311012,FRASCO VIDRIO AMBAR INY X 250 ML TIPO 2
311013,FRASCO VIDRIO AMBAR INY X 500 ML TIPO 2
311014,FRASCO BLANCO HC X 120
311015,FRASCO BLANCO PEAD X 60 ML
311016,FRASCO GOTERO BLANCO X 10 ML
311017,FRASCO GOTERO BLANCO X 20 ML
311018,FRASCO PEAD BLANCO VT X 1000 ML
311019,FRASCO PET AMBAR X 120 ML
311020,FRASCO TAPA ROSCA X 120 RF 2374
311021,FRASCO TAPA ROSCA X 250 RF 1251
311022,FRASCO TAPA ROSCA X 500 ML
311023,GARRAFA AMARILLA X 20 L
311024,GARRAFA BLANCA CUADRADA X 500
311025,GARRAFA BLANCA CUADRADA X 1000 ML
311026,GARRAFA BLANCA CUADRADA 2000 ML
311027,GARRAFA BLANCA RECTANG X 4 L
311028,GARRAFA CAFE 1000 ML
311029,GARRAFA CAFE X 3750 ML
311030,GARRAFA CAFE CREO TAY 1000 ML
311031,GARRAFA CAFE VANOVET 1000 ML
311032,JERINGA AUROTEL X 10 ML
311033,JERINGA AUROTEL 2.5 ML
311034,JERINGA AUROTEL X 5 ML
311035,JERINGA CABACTINA ORAL X 10 G
311036,JERINGA CABATEL X 20 ML
311037,JERINGA PERRITEL X 2.5 ml
311038,JERINGA PERRITEL X 5.0 ml
311039,JERINGA RAFOXANIDE X 30 ML
311040,SOBRE AURODIARREGAN X 20 G
311041,SOBRE AUROVITEL X 20 G
311042,SOBRE AVICUR X 20 G
311043,SOBRE ERIPANTO X 24 GR
311044,SOBRE PORCIX X 20 G
311045,SOBRE SULFACOCCIDIOL X 25 G
311046,TALQUERA CILINDRICA BLANCA X 100 GR
311047,TAPA BLANCA X 28
311048,TAPA ROSCA SEGURIDAD X 28 mm ROJA
311049,TAPA FRASCO AUROCHAMPU X 250
311050,TAPA ROSCA SEGURIDAD X 38 mm ROJA
311051,TAPA TALQUERA BLANCA X 100 G
311052,TAPA X 38 mm V
311053,TAPON X 30 mm REF. T30 CBRB 95
311054,TARRO BLANCO X 500 GR AUROUNGUENTO
311055,TAPA AZUL ENCAPSULADO X 20 ML
311056,FRASCO AMBAR X 50 ML
311057,EMPAQUE BLANCO LAMINADO 60X92
311058,EMPAQUE BLANCO 55X80 LAMINADO
311059,FRASCO INYECTABLE PEAD X 50 ML
311060,TAPON GRIS X 20MM
311061,SOBRE COCCIDIOL X 25 GR
311062,SOBRE DORADO X 12.5 KGS DOY PACK
311063,FRASCO INYECTABLE PEAD X 500 ML
311064,FRASCO INYECTABLE PEAD X 250 ML
311065,VENOCLISIS
311066,FRASCO PET AMBAR X 30 ML
311067,JERINGA QALBENDACO 30 X 20 ML
311068,LINNER 30MM PEBD
311069,TAPON PARA GARRAFA X 20 L
311070,TAPON X 28 CONCAVO SIN ORIFICIO
311071,TAPA ROJA 86 MM AUROUNGUENTO
311072,TAPA BLANCA 53 MM
311073,TAPA ROSCA DE SEG 60 mm ROJA
311074,FRASCO VIDRIO AMBAR INY X 50 ML TIPO 2
311075,POTE X 120 GR HP CUELLO 53
311076,GARRAFA X 20 L SERIGRAFIADA CREO TAY X 2
311077,GARRAFA X 20 L SERIGRAFIADA VANOVET X 18
311078,SOBRE SERIGRAFIADO BRILLAPEL X 150G
311079,SOBRE SERIGRAFIADO BRILLAPEL X 1KG
311080,CUCHARA DOSIFICADORA X 20 G NARANJA
311081,AGUJA DESECHABLE 16 X 1 1/2
311082,JERINGA AUROPUPPY X 2.5 ML
311083,JERINGA AUROPUPPY X 5 ML
311084,ENVASE OVAL BASE X 120 ML PEAD BLANCO
311085,SOBRETAPA SNAP OVALADA X 24 MM
311086,EMPAQUE BLANCO LAMINADO+LINNER 50X70
311087,EMPAQUE BLANCO LAMINADO+LINNER 55X80
311088,BOLSA SNACKS X 100 G
311089,TARRO 4 KG NATURAL
311090,TAPA 126 MM PP BLANCO
311091,FCO COEX 500 ML
311092,ENVASE RECT BLANCO X 250 ML
311093,SOBRE AUROVITEL X 1 KG
311094,FCO COEX X 1000 ML
311095,GARRAFA CAFE VANOVET X 3750 ML
311096,GARRAFA CAFE CREO TAY X 3800 ML
311097,SOBRE Q FOS X 1 KG
311098,ENVASE GRIS BOCA ANCHA X 3800CC
311099,TAPA ROSCA 128MM
311100,TARRO X 2KG CON TAPA
311101,ENVASE NT 500 HR P 33 G
311102,TAPA CONVEXA 63 MM
311103,ENVASE 500ML RD PEAD BLANC+TAP 38 BLANCA
311104,TULA SELLADA AUROFARMA SALUD Y BELLEZA
311105,ENVASE 2 BOCAS NATURAL PEAD+2 TAPAS ANIL
311106,SOBRE BRIO ENERGY X 30 ML
311107,SOBRE AURODIARREGAN NF X 10 G
311108,JERINGA CABATEL NF X 20 ML
311109,SOBRE PLATEADO X 5 KG FLOW PACK
311110,SOBRE PLATEADO X 10 KG FLOW PACK
311111,FRASCO PEAD TIPO BALA X 120 ML
311112,FRASCO PEAD TIPO BALA X 250 ML
311113,FRASCO PEAD TIPO BALA X 1000 ML
311114,TAPA DISC TOP 24/410
311115,TAPA DISC TOP 24/415
311116,TAPA DISC TOP 28/415
311117,GARRAFA SERIGRAFIADA GHL X 20 L
311118,GARRAFA SERIGRAFIADA GHL 20 X 3800 ML
311119,EMPAQUE IMPRESO BLANCO 55X81 CON LINNER
311120,EMPAQUE IMPRESO BLANCO 60X86 CON LINNER
311121,TAPA 13 MM PARA GOTERO
311122,TAPON 13 MM PARA GOTERO
311123,SOBRE AURODIARREGAN NF X 20 G
311124,LINER DE PRESION CALIBRE 61.5MM
311125,LINER DE PRESION CALIBRE 84MM
311127,CUCHARA CRISTAL 7 CM
311128,TAPA ROSCA SEG 60MM ROJA + LINNER ESPUMA
311129,LINNER ALUMINIO MICROPE 125.7 MM
311130,TAPA ROSCA 88MM BLANCA
311131,ENVASE NUTRICIONAL BLANCO X 1000CC
311133,LINNER ALUMINIO MICROPE 84 MM
311134,SOBRE AUROVITEL X 10 G
311135,AGRAFE METALICO X 32MM
311136,TAPON X 32 mm
311137,ENVASE LACTEO PEAD BLANCO X 90 ML
311138,TAPA ROSCA X 28 MM PEAD
311140,SOBRE PLATEADO VITA MIRABILIS X 1 KG
311141,SOBRE PLATEADO VITA MIRABILIS X 5 KG
311142,SACO VITA MIRABILIS X 10 KG
311143,SACO VITA MIRABILIS X 25 KG
311144,ROLLO LAMINADO BARRA POWERQUIN X 100 G
311145,BOTELLA CEBO FLY NO MORE
311146,TAPA DE BOTELLA CEBO FLY NO MORE
311147,ROLLO TRILAMINADO PORCIX X 20 G
311148,BALDE FLY NO MORE
311149,CONOS FLY NO MORE
311163,FCO COEX X 1000 ML COM TAPA Y FOIL INDUC
321000,PLEGADIZA AUROFARVIT INY X 500ML
321001,PLEGADIZA ANAPIRAN X 250 ML
321002,PLEGADIZA ANAPIRAN X 50 ML
321003,PLEGADIZA DIS AURODIARREGAN 10 SB X 20 G
321004,PLEGADIZA AURODIARREGAN 50SB X 20 GR
321005,PLEGADIZA AUROFARVIT INY X 50ML
321006,PLEGADIZA AUROFARVIT INY X 12 FCOS
321007,PLEGADIZA AUROFARVIT INY 100ML
321008,PLEGADIZA AUROFARVIT INY X 250ML
321009,PLEGADIZA AUROMECK X 15 ML
321010,PLEGADIZA QIVERMEC 3.5 X 500 ML
321011,PLEGADIZA AUROMECK X 200ML
321012,PLEGADIZA AUROMECK X 50ML
321013,PLEGADIZA AUROMECK X 500ML
321014,PLEGADIZA DIS AUROVITEL X 45 SB X 20GR
321015,PLEGADIZA DIS AVICUR X 50 SB X 20 MG
321016,PLEGADIZA BOLDEBIG X 250ML
321017,PLEGADIZA BOLDEBIG X 50ML
321018,PLEGADIZA BOLDEBIG X 500ML
321019,PLEGADIZA CIPERMETRINA 12 FCOS X 20 ML
321020,PLEGADIZA DIS COCCIDIOL X 40SB X 25 GR
321021,PLEGADIZA ERIPANTO INY X 50ML
321022,PLEGADIZA ERIPANTO MASTITIS X 4 JERINGAS
321023,PLEGADIZA DIS ERIPANTO X 40 SOBRES X 24G
321024,CAJA CORRUGADA NO. 1
321025,CAJA CORRUGADA NO. 3
321026,CAJA CORRUGADA NO. 4
321027,CAJA CORRUGADA NO. 15
321028,PLEGADIZA PORCIX 50SB X 20 G
321029,PLEGADIZA QB COMPLEX INY X 500ML
321030,PLEGADIZA QNORFLOXAN 12GOT X 20ML
321031,PLEGADIZA QOXY 200 X 250ML
321032,PLEGADIZA QOXY 200 X 50ML
321033,PLEGADIZA QOXY 200 X 500 ML
321034,PLEGADIZA DIS SULFACOCCIDIOL 40S X 25 GR
321035,PLEGADIZA SULFATROPHIN ORAL 12 GOTEROS
321036,PLEGADIZA SULFATROPHIN INY X 10ML
321037,PLEGADIZA SULFATROPHIN INY X 100ML
321038,PLEGADIZA SULFATROPHIN INY X 50ML
321039,BOLSA NEGRA 55X80
321040,PLEGADIZA AUROTEL JERINGA X 10ML
321041,PLEGADIZA AUROTEL JERINGA X 2.5 ML
321042,PLEGADIZA AUROTEL JERINGA X 5 ML
321043,PLEGADIZA CABACTINA ORAL JERINGA X 10 ML
321044,PLEGADIZA CABATEL JERINGA X 20ML
321045,PLEGADIZA PERRITEL JERINGA X 2.5 ML
321046,PLEGADIZA PERRITEL JERINGA X 5 ML
321047,PLEGADIZA QTYCON X 30G
321048,PLEGADIZA RAFOXANIDE JERINGA X 30 ML
321049,PLEGADIZA QOXY 200 X 100ML
321050,PLEGADIZA QIVERMEC 3.5 X 250 ML
321051,PLEGADIZA QIVERMEC 3.5 X 50 ML
321052,NIDO PLEGADIZA ERIPANTO MASTITIS X 4
321053,PLEGADIZA MELOXIDOL X 10 ML
321054,PLEGADIZA MELOXIDOL X 50 ML
321055,PLEGADIZA MELOXIDOL X 100 ML
321056,PLEGADIZA AUROCEF X 1 G
321057,PLEGADIZA AUROCEF X 4 G
321058,PLEGADIZA PENIDEXINA 4 MILLONES
321059,PLEGADIZA PENIDIXINA 8 MILLONES
321060,CINTA AUROFARMA
321061,PLEGADIZA AUROPPUPY X 2.5 ML
321062,PLEGADIZA AUROPUPPY X 5 ML
321063,PLEGADIZA ERIPANTO INY X 100 ML
321064,PARTICION CAJA 15X500 CC X 24
321065,PARTICION CAJA 4X40 UND
321066,PLEGADIZA BRILLAPEL EMULSION X 130 ML
321067,PLEGADIZA BRILLAPEL EMULSION X 270 ML
321068,PLEGADIZA BRILLAPEL EMULSION X 550ML
321069,PLEGADIZA KIT DEL POLLITO
321070,PLEGADIZA DIS BRIO PERFORMANCE X 5 SB X
321071,PLEGADIZA DISP AURODIARREGAN NF DE 10 SB
321072,PLEGADIZA DISP AURODIARREGAN NF DE 50 SB
321073,PLEGADIZA CABATEL NF X 20 ML
321074,PLEGADIZA AUROPETS JABON X 100G
321075,PLEGADIZA AUROPETS JABON X 30 G
321076,PLEGADIZA AURODIARREGAN NF 50 SOBRES X 2
321077,PLEGADIZA AURODIARREGAN NF 10 SOBRES X 2
321078,PLEGADIZA AUROTILMICOSIN 12UN X 10 ML
321079,PLEGADIZA ERIPANTO INY X 250 ML
321080,PLEGADIZA COMBO KIT DEL CERDITO
321081,EMPAQUE IMPRESO BLANCO 50X72 CON LINNER
321082,PLEGADIZA QNORFLOXAN 12GT 20ML HONDURAS
321083,PLEGADIZA FERRYDECK X 50 ML
321084,PLEGADIZA FERRYDECK X 100 ML
321085,DIVISION CORRUGADA NO 4
321086,DIVISION CORRUGADA NO 15
321087,CAJA CORRUGADA DISPEN AUROFRESH CHAMPU
321088,CAJA CORRUGADA DISPEN AUROPETS JABON
321089,PLEGADIZA ANAPIRAN X 500 ML
321090,PLEGADIZA DIS AUROVITEL X 45 SB X 10GR
321091,SACO POLIPROPILENO SUPER LAMINADA X 20 G
321092,SACO POLIPROPILENO SUPER LAMINADA X 1 KG
321093,SACO POLIPROPILENO SUPER LAMINADA X25 KG
321094,PLEGADIZA PHYTO FISH X 1 KG
321095,PLEGADIZA KIT DEL POLLITO PLUS
321096,CAJA DISPENSADORA POWERQUIN
321097,CAJA CORRUGADA POWERQUIN
321098,PLEGADIZA FERRYDECK X 10 ML
321099,CAJA CORRUGADA NO. 5
321100,CAJA CORRUGADA NO. 6
321101,DIVISION CORRUGADA NO 6
321102,PARTICION CAJA 6 X 30 UN
331000,ETIQUETA AUROMECK X 50 ML
331001,ETIQUETA AUROMECK X 500 ML
331002,ADHESIVO PULPHOX REDONDO
331003,COLLARIN CIPERMETRINA X 20 ml
331004,ETIQUETA AUROFARVIT INY X 50 ML
331005,ETIQUETA AUROFARVIT INY X 500ML
331006,ETIQUETA AUROLISTINA 10% X 25 KG
331007,ETIQUETA AUROQUINOL 24 X 25 KG
331008,ETIQUETA SULFATROPHIN ORAL X 50 ML
331009,ETIQUETA BOLDEBIG X 500 ML
331010,ETIQUETA CREOTAY X 500 ML
331011,ETIQUETA RAFOXANIDE X 1000 ML
331012,ETIQUETA SULFATROPHIN INY X 50 ML
331013,ETIQUETA QSULFATYL X 25 KG
331014,ETIQUETA QMICOSPECTIN X 25 KG
331015,ETIQUETA QTILMICOX X 25 KG
331016,ETIQUETA QFLORFEN X 25 KG
331017,ETIQUETA QFOS 25 X 250 G
331018,ETIQUETA QFOS X 1 KG
331019,ETIQUETA QBCOMPLEX X 500 ML
331020,ETIQUETA QNORFLOXAN X 100 ML
331021,ETIQUETA QNORFLOXAN X 20ML
331022,ETIQUETA QTARTYLO X 1 KG
331023,ETIQUETA QOXY 200 X 50 ML
331024,ETIQUETA AUROCHAMPU P X 120 ML
331025,ETIQUETA AVICUR X 12.5 KG
331026,ETIQUETA PULPHOX X 100 GR
331027,ETIQUETA BRILLAPEL X 150
331028,ETIQUETA SULFATROPHIN INY X 100 ML
331029,ETIQUETA SULFATROPHIN INY X 10 ML
331030,ETIQUETA QMUTIN X 25 KG
331031,ETIQUETA AUROVITEL X 100 GR
331032,ETIQUETA AUROZOLE X 120 ML
331033,ETIQUETA AUROZOLE X 500 ML
331034,ETIQUETA AUROZOLE X 1000 ML
331035,ETIQUETA AUROZOLE X 2000 ML
331036,ETIQUETA CABATEL X 500 ML
331037,ETIQUETA CIPERMETRINA 15EC X 20 ML
331038,ETIQUETA CIPERMETRINA 15EC X 500ML
331039,ETIQUETA CIPERMETRINA 15EC X 1000 ML
331040,ETIQUETA CREOTAY X 120 ML
331041,ETIQUETA AUROFARVIT INY X 10 ML
331042,ETIQUETA AUROFARVIT INY X 100ML
331043,ETIQUETA AUROFARVIT INY X 250ML
331044,ETIQUETA AUROFARVIT ORAL X 1000 ML
331045,ETIQUETA AUROFARVIT ORAL 4000 ML
331046,ETIQUETA COCCIDIOL X 1 KG
331047,ETIQUETA SULFATROPHIN ORAL X 10 ML
331048,ETIQUETA SULFATROPHIN ORAL X 100 ML
331049,ETIQUETA SULFATROPHIN ORAL X 1000 ML
331050,ETIQUETA ANAPIRAN X 50ML
331051,ETIQUETA ANAPIRAN X 250ML
331052,ETIQUETA AUROMECK X 200 ML
331053,ETIQUETA RAFOXANIDE X 120 ML
331054,ETIQUETA SULFACOCCIDIOL X 1 KG
331055,ETIQUETA QNORFLOXAN X 1000 ML
331056,ETIQUETA QTARTILO X 50 GR
331057,ETIQUETA QOXY 200 X 100 ML
331058,ETIQUETA VANOVET X 120 ML
331059,ETIQUETA CIPERMETRINA 15EC X 100 ML
331060,ETIQUETA QOXY 200 X 250 ML
331061,ETIQUETA QIVERMEC 3.5 X 500 ML
331062,ETIQUETA QIVERMEC 3.5 X 50 ML
331063,ETIQUETA QTARTYLO X 250 GR
331064,FOLLETO AUROCHAMPU P X 120 ML
331065,ETIQUETA AUROUNGUENTO X 100 GR
331066,ETIQUETA AUROFARVIT ORAL X 120 ML
331067,ETIQUETA AUROUNGUENTO X 500 GR
331068,ETIQUETA QIVERMEC 3.5 X 250 ML
331069,ETIQUETA MELOXIDOL X 10 ML
331070,ETIQUETA MELOXIDOL X 50 ML
331071,ETIQUETA MELOXIDOL X 100 ML
331072,ETIQUETA AUROCEF X 1 G
331073,ETIQUETA AUROCEF X 4 G
331074,INSERTO AUROCEF
331075,INSERTO MELOXIDOL
331076,ETIQUETA AURORAC X 25 KG
331077,ETIQUETA AVICUR 1 KG
331078,ETIQUETA AVICUR X 12.5 KG
331079,ETIQUETA BOLDEBIG X 250 ML
331080,ETIQUETA BOLDEBIG X 50 ML
331081,ETIQUETA CREOTAY X 250 ml
331082,ETIQUETA ERIPANTO INY X 50 ML
331083,ETIQUETA QOXY 200 X 500 ML
331084,ETIQUETA PENIDIXINA 4 MILLONES
331085,ETIQUETA PENIDEXINA 8 MILLONES
331086,ETIQUETA DILUENTE AUROCEF X 20 ML
331087,ETIQUETA DILUENTE AUROCEF X 80 ML
331088,ETIQUETA ERIPANTO INY X 100 ML
331089,ETIQUETA PVC BRIO INCREASE
331090,ETIQUETA PVC BRIO JOINTS
331091,ETIQUETA PVC BRIO PERFORMANCE
331092,ETIQUETA AUROTEL X 250 ML
331093,ETIQUETA PVC + COLDFOIL BRILLAPEL X 2 KG
331094,ETIQUETA PVC EQUINOLISINA X 1KG
331095,ETIQUETA BRIO PERFORMANCE X 300 G
331096,EMP IMPRESO BOPP 55X82X15 CON LINNER
331097,EMP IMPRESO BOPP 48X66X8 CON LINNER
331098,ETIQUETA PVC AUROPETS INCREASE X 200 G
331099,ETIQUETA PVC AUROPETS PERFORMANCE X 200
331100,ETIQUETA PVC AUROPETS SENIOR X 200 G
331101,ENVASE 250ML RD PEAD BLANCO+TAP 38 BLANC
331102,ETIQUETA BRILLAPEL EMULSION X 130ML
331103,ETIQUETA BRILLAPEL EMULSION X 270ML
331104,ETIQUETA BRILLAPEL EMULSION X 550ML
331105,ETIQUETA BRILLAPEL X 250G EQUINOS
331106,ETIQUETA GLUTARALDEHIDO X 500 ML
331107,ETIQUETA HEPAXYN X 5 KG
331108,ETIQUETA HEPAXYN X 10 KG
331109,ETIQUETA HEPAXYN X 25 KG
331110,STICKER KIT AUROFARMA SALUD Y BELLEZA
331111,ETIQUETA EQUINOLISINA X 50 G
331112,ETIQUETA BRIO ENERGY X 1000 ML
331113,ETIQUETA GLUTARALDEHIDO X 1000 ML
331114,ETIQUETA AUROTILMICOSIN 25% X 240 ML
331115,ETIQUETA AUROTILMICOSIN 25% X 1000 ML
331116,ETIQUETA AUROQUINOL 60% X 25 KG
331117,ETIQUETA BRIO ENERGY X 30 ML
331118,ETIQUETA AUROLITOS SOBRE X 1 KG
331119,ETIQUETA BRIO EQBALANCE X 40 G
331120,ETIQUETA BRIO EQBALANCE X 1 KG
331121,ETIQUETA BRIO EQBALANCE X 5 KG
331122,ETIQUETA FLORMIX X 1000 ML
331123,ETIQUETA FLORMIX X 2000 ML
331124,ETIQUETA FLORMIX X 4000 ML
331125,ETIQUETA CABATEL NF X 100 ML
331126,ETIQUETA CABATEL NF X 500 ML
331127,ETIQUETA AUROFRESH X 120 ML MASCOTAS
331128,ETIQUETA AUROFRESH X 250 ML MASCOTAS
331129,ETIQUETA AUROFRESH X 1000 ML MASCOTAS
331130,ETIQUETA AUROFRESH X 2000 ML EQUINOS
331131,ETIQUETA Q FLORFEN X 1 KG
331132,ETIQUETA Q FLORFEN X 5 KG
331133,ETIQUETA CIPROFARM X 1 KG
331134,ETIQUETA NICARCOX X 25 KG
331135,ETIQUETA AUROTILMICOSIN X 10 ML
331136,ETIQUETA PANTOX X 25 KG
331137,ETIQUETA ERIPANTO INY X 250 ML
331138,ETIQUETA PREV OX X 25 KG
331139,ETIQUETA Q NORFLOXAN X 20 ML HONDURAS
331140,ETIQUETA Q NORFLOXAN X100 ML HONDURAS
331141,ETIQUETA Q NORFLOXAN X1000 ML HONDURAS
331142,ETIQUETA AUROPETS INCREASE X200G F+D
331143,ETIQUETA AUROPETS PERFORMANCE X200G F+D
331144,ETIQUETA AUROPETS SENIOR X200G F+D
331145,ETIQUETA BRIO PERFORMANCE FRENTE+DORSO
331146,ETIQUETA BRIO INCREASE FRENTE+DORSO
331147,ETIQUETA DOXYCOL X 1 KG
331148,ETIQUETA PRO HEALTH X 25 KG
331149,ETIQUETA FERRYDECK X 50 ML
331150,ETIQUETA FERRYDECK X 100 ML
331151,ETIQUETA PRO HEATL AQUA x 25 KG
331152,ETIQUETA AUROESENCIAL X 25 KG
331153,ETIQUETA PREV OX NF
331154,ETIQUETA SULFACOCCIDIOL X 3 KG
331155,ETIQUETA DOXYCOL X 5 KG
331156,ETIQUETA BRIO JOINTS X 600 GR FRE Y DOR
331157,ETIQUETA PREV OX ACUA X 25 KG
331158,ETIQUETA PANTOX BN X 25 KG
331159,ETIQUETA AUROESENCIAL BN X 25 KG
331160,ETIQUETA ADHESIVA BLANCA 16.5 CM X 20 CM
331161,ETIQUETA PREV OX BHX BN X 25 KG
331162,ETIQUETA Q SULFATYL T BN
331163,TAPA 55mm COEX LINNER VALVULA
331164,ETIQUETA ANAPIRAN X 500ML
331165,STICKER TRANSPARENTE 25 x 6 MM
331166,ETIQUETA EQUINOLISINA X 1KG (F Y D)
331167,ETIQUETA TERMOENCOGIBLE FORTICAT
331168,ETIQUETA PHYTO FISH X 1 KG
331169,ETIQUETA PHYTO FISH X 25 KG
331170,ETIQUETA NEOMIXIN X 20 G
331171,ETIQUETA NEOMIXIN X 1 KG
331172,ETIQUETA NEOMIXIN X 25 KG
331173,ETIQUETA VITA MIRABILIS X 1 KG
331174,ETIQUETA VITA MIRABILIS X 5 KG
331175,ETIQUETA VITA MIRABILIS X 10 KG
331176,ETIQUETA VITA MIRABILIS X 25 KG
331177,ETIQUETA Q NEST X 25 KG
331178,STICKER HOLOGRAFICO PHYTOFISH
331179,STICKER HOLOGRAFICO POWERQUIN
331180,ETIQUETA CEBO FLY NO MORE
331181,ETIQUETA AUROVITEL X 1 KG
331182,ETIQUETA FERRYDECK X 10 ML
331183,ETIQUETA HEPAXYN X 1 KG
331184,STICKER HOLOGRAFICO AUROFARMA ITALCOL
A11000,AUROMECK INYECTABLE X 50 ML
A11001,AUROMECK INYECTABLE X 500 ML
A11002,AUROMECK INYECTABLE X 200 ML
A11003,ANAPIRAN FRASCO X 50 ML
A11004,BOLDEBIG 50 X 50 ML
A11005,BOLDEBIG 50 X 250 ML
A11006,BOLDEBIG 50 X 500 ML
A11007,CABATEL X 20 ML
A11008,CABATEL X 500 ML
A11009,AURO DIARREGAN CAJA X 10 SOBRES
A11010,AURO DIARREGAN CAJA X 50 SOBRES
A11011,ERIPANTO INYECTABLE X 50 ML
A11012,ERIPANTO MASTITIS 4 X 12 ML
A11013,ERIPANTO X 24 G
A11014,Q FOS 25 X 250 GR
A11015,Q FOS X 25 X 1 KG
A11016,Q NORFLOXAN X 20 ML
A11017,Q NORFLOXAN X 100 ML
A11018,Q NORFLOXAN X 1000 ML
A11019,Q OXY 200 LA 50 ML
A11020,Q OXY 200 LA X 500 ML
A11021,Q TARTILO 100 X 250 G
A11022,Q TARTILO 100 X 1 KG
A11023,QTYCON X 30 G
A11024,SULFATROPHIN SUSPENSION INYECTABLE 10ML
A11025,SULFATROPHIN SUSPENSION INYECTABLE 50ML
A11026,SULFATROPHIN SUSPENSION INYECTABLE 100ML
A11027,SULFATROPHIN SUSPENSION ORAL X 50 ML
A11028,SULFATROPHIN SUSPENSION ORAL X 10 ML
A11029,SULFATROPHIN SUSPENSON ORAL X 100 ML
A11030,SULFATROPHIN SUSPENSION ORAL X 1000 ML
A11031,AURO UNGUENTO X 100 G
A11032,AURO UNGUENTO X 500 G
A11033,AUROTEL X 2.5 ML
A11034,AUROTEL X 5.0 ML
A11035,AUROZOLE 25 CO X 120 ML
A11036,AUROZOLE 25 CO X 500 ML
A11037,AUROZOLE 25 CO X 1000ML
A11038,AUROZOLE 25 CO X 2000 ML
A11039,AVICUR POLVO X 20 G
A11040,AVICUR POLVO X 1 KG
A11041,AVICUR POLVO X 12.5 KG
A11042,PORCIX X 20 GR
A11043,Q IVERMEC 3.5 X 50 ML
A11044,Q IVERMEC 3.5 ML X 250 ML
A11045,Q IVERMEC 3.5 X 500 ML
A11046,RAFOXANIDE X 30 ML
A11047,RAFOXANIDE X 120 ML
A11048,RAFOXANIDE X 1000 ML
A11049,Q B COMPLEX X 10 ML
A11050,Q TARTILO 100 X 50 GR
A11051,COCCIDIOL X 25 GR
A11052,COCCIDIOL X 1 KG
A11053,SULFACOCCIDIOL X 25 G
A11054,AUROCHAMPU P X 120 ML
A11055,CIPERMETRINA 15 EC AUROFARMA X 20 ML
A11056,CIPERMETRINA 15 EC AUROFARMA X 100 ML
A11057,CIPERMETRINA 15 EC AUROFARMA X 500 ML
A11058,CIPERMETRINA 15 EC AUROFARMA X 1000 ML
A11059,PULPHOX X 100 G
A11060,AUROFARVIT INYECTABLE X 10 ML
A11061,AUROFARVIT INYECTABLE X 50 ML
A11062,AUROFARVIT INYECTABLE X 250 ML
A11063,AUROFARVIT INYECTABLE X 500 ML
A11064,AUROFARVIT ORAL X 120 ML
A11065,AUROFARVIT ORAL X 1000 ML
A11066,AUROFARVIT ORAL X 4000 ML
A11067,AUROVITEL X 20 G
A11068,AUROVITEL X 1 KG
A11069,BRILLA PEL X 150 G
A11070,BRILLA PEL X 1 KG
A11071,ERIPANTO X 1 KG
A11072,Q B COMPLEX X 500 ML
A11073,Q OXY 200 LA X 100 ML
A11074,AUROFARVIT INYECTABLE X 100 ML
A11075,AUROTEL X 10 ML
A11076,Q OXY 200 LA X 250 ML
A11077,SULFACOCCIDIOL X 1 KG
A11078,MELOXIDOL X 10 ML
A11079,MELOXIDOL X 50 ML
A11080,MELOXIDOL X 100 ML
A11081,AUROCEF X 1 G
A11082,AUROCEF X 4 G
A11083,ANAPIRAN INYECTABLE X 250 ML
A11084,AUROLITOS SOBRE X 1 KG
A11085,PENIDEXINA 4 MILLONES
A11086,PENIDEXINA 8 MILLONES
A11087,AUROTEL X 250 ML
A11088,AUROPUPPY X 5 ML
A11089,AUROPUPPY X 2.5 ML
A11090,ERIPANTO INYECTABLE X 100 ML
A11091,DILUYENTE AUROCEF X 20 ML
A11092,DILUYENTE AUROCEF X 80 ML
A11093,BRIO PERFORMANCE X 2 KG
A11094,BRIO INCREASE X 2 KG
A11095,BRIO JOINTS X 2 KG
A11096,EQUINOLISINA X 1 KG
A11097,BRILLA PEL X 2KG
A11098,BRIO PERFORMANCE X 300 G
A11099,AUROPETS INCREASE X 200 G
A11100,AUROPETS PERFORMANCE X 200 G
A11101,AUROPETS SENIOR X 200 G
A11102,BRILLAPEL EMULSION X 130 ML
A11103,BRILLAPEL EMULSION X 270 ML
A11104,BRILLAPEL EMULSION X 550 ML
A11105,BRILLA PEL X 250 G EQUINOS
A11106,AUROTILMICOSIN X 240 ML
A11107,AUROTILMICOSIN X 1000 ML
A11108,BRIO EQBALANCE X 40 G
A11109,BRIO EQBALANCE X 1 KG
A11110,BRIO EQBALANCE X 5 KG
A11111,BRIO ENERGY X 30 ML
A11112,BRIO ENERGY X 1000 ML
A11113,EQUINOLISINA X 50 G
A11114,FLORMIX X 1000 ML
A11115,FLORMIX X 4000 ML
A11116,FLORMIX X 2000 ML
A11117,AURODIARREGAN NF 10G CAJA X 10 SOBRES
A11118,AURODIARREGAN NF 10G CAJA X 50 SOBRES
A11119,CABATEL NF X 20ML
A11120,CABATEL NF X 100ML
A11121,CABATEL NF X 500ML
A11122,AUROFRESH CHAMPU X 120 ML MASCOTAS
A11123,AUROFRESH CHAMPU X 250 ML MASCOTAS
A11124,AUROFRESH CHAMPU X 1000 ML MASCOTAS
A11125,AUROFRESH CHAMPU X 2000 ML EQUINOS
A11126,AUROPETS JABON X 100 GR
A11127,AUROPETS JABON X 30 G
A11128,CIPROFARM 20% X 1 KG
A11129,PILOTOS
A11130,ERIPANTO INYECTABLE X 250 ML
A11131,AUROTILMICOSIN GOTERO X 10 ML
A11132,AURODIARREGAN NF 20G CAJA X 10 SOBRES
A11133,AURODIARREGAN NF 20G CAJA X 50 SOBRES
A11134,DOXYCOL X 1 KG
A11135,FERRYDECK X 50 ML
A11136,FERRYDECK X 100 ML
A11137,CREO TAY X 120 ML
A11138,CREO TAY X 250 ML
A11139,CREO TAY X 500 ML
A11140,CREO TAY X 1000 ML
A11141,CREO TAY X 3800
A11142,CREO TAY X 20 L
A11143,VANOVET X 12O ML
A11144,VANOVET X 1000 ML
A11145,VANOVET X 18.75 LITROS
A11146,VANOVET X 3750 ML
A11147,GLH 20 X 20 L
A11148,GLH 20 X 3.800 ML
A11149,SULFACOCCIDIOL X 3 KG
A11150,DOXYCOL X 5 KG
A11151,Q FOS 25 X 25 KG
A11152,GLH 20 X 1.000 ML
A11153,BRIO JOINTS X 600 GR
A11155,CIPROFARM 20% X KG SACO
A11156,ANAPIRAN INYECTABLE X 500 ML
A11157,FORTICAT X 100 ML
A11158,FORTICAT RENAL X 100 ML
A11159,AUROVITEL X 10 G
A11160,PHYTO FISH X 1 KG
A11161,PHYTO FISH X 25 KG
A11162,NEOMIXIN X 20G
A11163,NEOMIXIN X 1 KG
A11164,NEOMIXIN X 25 KG
A11165,VITA MIRABILIS X 1 KG
A11166,VITA MIRABILIS X 5 KG
A11167,VITA MIRABILIS X 10 KG
A11168,VITA MIRABILIS X 25 KG
A11169,HEPAXYN X 1 KG
A11170,POWERQUIN BARRA X 100 GR
A11171,FLY NO MORE X 1500 ML
A11172,FERRYDECK X 10 ML
A21000,ATTAMIX SB BOLSA X 500G
A21001,JABON SANAPIEL
A21002,R QUILL BLOQUE PERFORADO X 2.5 KG
A21003,R QUILL SB SOBRE X 20 G
A21004,R QUILL CEBO EN PELLET SB X 2.5 KG
A21005,R QUILL SOBRE X 10 GR
A21006,ALODRIN X 1 KG (CAJA X 24 UND)
A21007,R QUILL SB SOBRE X 50 G
A21008,VAPIREX TARRO X 100 G
A21009,RATAQUILL SOBRE X 10 G (BOLSA)
A21010,BABOXA BOLSA X 500 G
A21011,HORMIX BOLSA X 500 G
A21012,FLORAMAX B11 X 60G
A21013,DORMEKTIN 2% X 50 ML
A21014,DORMEKTIN 2% X 250 ML
A21015,DORMEKTIN 2% X 500 ML
A21016,LARCIMEK X 400 ML
A21017,ENRAMICINA 8%
A21018,FERRITON 200 / FRASCO X 100 ML
A21019,POXIMUNE AE POR 1000 DOSIS
A21020,CIRCOMUNE POR 1000 DOSIS
A21021,CEVAC MD RISPENS X 2000 D
A21022,CEVAC MD HVT X 4000 D
A21023,VECTORMUNE HVT NDV POR 2000 DO
A21024,VECTORMUNE HVT NDV POR 4000 DO
A21025,VECTORMUNE HVT LT X 2000 D
A21026,VECTORMUNE FP LT X 2000 DS
A21027,VECTORMUNE FP MG X 1000 DS
A21028,NOVAMUNE 1000D CO
A21029,CEVAGEL
A21030,CEVAMUNE COMPRIMIDO X 1
A21031,CEVAC BROILER ND K POR 5000 DOS
A21032,CEVAC TRANSMUNE 2000D CO
A21033,CEVAC TRANSMUNE POR 4000 DOSIS
A21034,CEVAC TRANSMUNE 8000D
A21035,CEVAC CORYMUNE 4K 500 ML BT CO DS
A21036,CEVAC CORYMUNE 7K 500 ML 1000 DS
A21037,CEVAC VITABRON L 2000D CO
A21038,CEVAC MG F POR 1000 DOSIS
A21039,CEVAC IBD L POR 2500 DOSIS
A21040,CEVAC VITAPEST L 2000 D BO/PE/VE
A21041,CEVAC GUMBO L 2500 D CO
A21042,CEVAC ND IB EDS K POR 1000 DOS
A21043,CEVAC MASS L X 5000 DOSIS
A21044,CEVAC NEW L X 5000 DOSIS
A21045,STERILE DILUENT 400 ML MAKER BR
A21046,STERILE SOLVENT 800 ML EXP
A21047,DILUENTE POR 1000 DS
A21048,DILUENTE CEVAC MG F 30ML CO
A21049,LANCETAS VACCINATOR WH DOUBLE NEEDLE
A21050,STERILE BLUE DYE 20 ML COLORANTE
A21051,CEVAC VITABRON L 1000DS
A21052,CEVAC VITAPEST L 1000 D BO/PE/VE
A21053,R QUILL GRUPO CEBO EN PELLET SB 2.5 KG
A21054,R QUILL GRUPO BLOQUE PERFORADO 2.5 KG
A21055,STERILE DILUENT 10ML LATAM
A21056,STERILE DILUENT 800 ML MAREK BR
A21057,DILUENTE ESTERIL 10 ML BR CEVA
A21058,VALORA X 50 ML (50 DS)
A21059,VETRIMOXIN LA 100 ML CO
A21060,HYOGEN 50 D CO
A21061,VALORA X 100 ML (100 DS)
A21062,AGUJA HIPOD 20GX1 (CAJA X 100)
A21063,ALTRESYN X 540 ML
A21064,ALTRESYN X 1080 ML
A21065,FORCERIS X 250ML
A21066,NOFLAI SOBRE X 20G
A21067,HARINA DE PESCADO
A21068,RATAQUILL CEBO EN PASTA TARRINA X 1 KG
A21069,COLADOR VERDE 12 CM PARA FLY HUNT
A21070,PORTA CEBO NOFLAI
A21071,CEVAC MD HVT X 2000 D
A21072,DIVOSAN SUREDIS X KG
A21073,FORCERIS X 100ML
A21074,TRAMPA DE IMPACTO RATONES TIPO COCODRILO
A21075,CEVAC NEW L 2500D/2R TR
A21076,CEVAC SALMOVAC 5000D ES/PT/GB
A21077,HYOGEN 200ML X 100 D
A21078,CEVAC NEW L X 1000 DOSIS
A21079,CEVAC NB L 1000DS
A21080,CEVAC MG F POR 2000 DOSIS
A21081,ECO MARINE FRASCO X 80 TABLETAS
A21082,DIL. S.GALLINARUM 200ML
A21083,CEVAC S. GALLINARUM 9R 1000 DS
A21084,DILUENTE SALMOVAC X 1000 DS
A21085,INNOSURE 250 ML (125 DOSIS)
A21086,TILAVAC S3 X 1 LITRO
A21087,DOLICAL X 500 GR
A21088,BALANZA
A21089,INYECTORA
A21090,CONECTOR
A21091,HORQUILLA
A21092,AGUJA UNIMED 0.6 X 4MM (CAJA X12 AGUJAS)
A21093,AGUJA UNIMED 0.6 X 3MM (CAJA X12 AGUJAS)
A21094,AGUJA UNIMED 0.6 X 5MM (CAJA X12 AGUJAS)
A21095,GUANTES BLANCOS
A21096,GORRA
A21097,AGUJA X 6 MM
A21100,AGUJA UNIMED 0.6 X 6MM (CAJA X12 AGUJAS)
A21101,TULAVEN 100ML
A21102,ARADICATOR X 50 DOSIS
A21105,FARROWSURE GOLD B X 10 DOSIS
A21109,FOSTERA PCV METASTIM VACX50DS
A21110,FOSTERA PCV MH VACX50DS
A21112,LITTERGUARD LT C X 10 DOSIS
A21113,LITTERGUARD LT C X 50 DOSIS
A21120,FOSTERA GOLD PCV MH VACX50DS PVLX1 ES
A21121,FOSTERA GOLD PCV VACX50 DOSIS
A21122,RESPISURE 1 ONE X 50 DOSIS
A21123,RESPISURE X 50 DOSIS
A21124,SUVAXYN RESPIFEND MH HPS X 125 DOSIS
A21125,DRAXXIN SOL 100MG/MLX100ML VLX1 MUL
A21126,PREPACK DRAXXIN PAQUETE X 3 FRASCOS
A21127,EXCEDE 100MG X 100 ML
A21128,PREPACK EXCEDE 4 SWINE 100 ML X 3
A21129,RESPISURE 1 ONE X 250 DOSIS
A21130,INNOSURE X 100 ML X 50 DOSIS
A21131,CEVAC NB L X 2.500 D
A21132,MULTIVITAMINICO VIRBAC X 1 KG
A21133,FARROWSURE GOLD B X 50 DOSIS
A21135,DETERGENTE LIQUIDO ALCALINO CLORADO 20 L
A21136,DETERGENTE LIQUIDO ALCALINO CLORADO 4 L
A21137,CEVAC BROILER NDK 500ML BTE MX
A21138,NOVAMUNE 2000D STD ENG
A21139,RATAQUILL MINI BLOQUE 35 GR
A21140,MANGUERA COLIBRI CON AGUJA
A21141,SAFETY INJECTOR INNOSURE
A21142,REPUESTO SAFETY INJECTOR INNOSURE
A21143,HORMIX BOLSA X 250 G
A21144,RATAQUILL CEBO BLANDO X 1 KG
A21145,RATAQUILL CEBO BLANDO X 10 KG
A21146,AMOXILEN X 1 KG
A21147,TROMPA SB SOBRE X 500 G
A21148,RISTRA POWERQUIN
A21149,OXYNOVA 1 KG
A21150,EXTIMOX 50% X 1 KG
A21151,DILUENTE X 2500 DS
A21152,DILUENTE X 2000 DS 60 ML
A21153,AGUA DESTILADA X 1 LT
A21154,MULTIVITAMINICO VIRBAC X 500 G
A21155,CEVAC VITAPEST L 1000D ANG
A21156,CEVAC VITAPEST L 2000D ANG
A21157,AGUJA 23G X 0.60 X 4MM
A21158,AGUJA 23G X 0.60 X 5MM
A21159,VETERIN 50 BOLSA X 1 KG
A21160,"HYBAG MS TOPFOAM POWER 12 X 2,5 LBS"
A21161,HYBAC PISTOLA ESPUMA MS TOPFOAM
A21162,IMMUCOX 5 1000D CO
A21163,HORMITEK BOLSA X 500 G
A22000,YUCASHID POLVO
A22001,BETAMINT 1 L
A22002,CHICKTONIC 1 L
A22003,GENTAMICINA 10% X 250 ML
A22004,PROMECTINE ORAL X 1 L
A22005,BACTICOL / 50 ML
A22006,DOLFEN /50 ML
A22007,EXELDOR 1% / 50 ML
A22008,EXELDOR 1% / 250 ML
A22009,EXELDOR 1% / 500 ML
A22010,IMIDOCARB LH/100 ML
A22011,LHIFLUNEX / 10 ML
A22012,PORCIDIN 5 % / 500 ML
A22013,TOTALMASTT /010 G
A22014,LHIFLUNEX / 50 ML
A22015,IMIDOCARB LH/ 50 ML
A22016,NOBAC CF 50 ML
A22017,AUROCLEAN CAT X 5 KG
A22018,BACTICOL / 100 ML
A22019,ANTIMASTITIS S / 12 JERINGAS
A22020,DOLFEN /100 ML
A22021,LHIFLUNEX / 100 ML
A22022,NOBAC CF / 100 ML
A22023,PORCIDIN 5 % / LITRO
A22024,PORCIDIN 5 % / 100 ML
A22025,ESTROGEST 20 ML
A22026,OLIVITASAN X 25 ML
A22027,OLIVITASAN X 500 ML
A22028,COMPLEFOSEL X 100 ML
A22029,COMPLEFOSEL X 500 ML
A22030,AMINOACIDOS VIT 50 ML
A22031,OLIVITASAN PREMIUM X 50 ML
A22032,OLIVITASAN PREMIUM X 500 ML
A22033,ENERGYN X 100 ML
A22034,LIVATEX 1 L
A22035,IMIDOCARB LH/250 ML
A22036,IMIDOCARB LH/ 10 ML
A22037,FLYHUNT TRAMPA 10 LT + TAPA + 8 CONOS
A22038,FLYHUNT CEBO BOTELLA X 1.5 LT
A22039,ATP ENERGIA JERINGA X 35 GR
A22040,AMINOACIDOS VIT 1 L
A22041,AMINOACIDOS VIT 5 L
A22042,OLIVITASAN X 100 ML
A22044,ARENA POPIS CAT LIMON 16.5 LB
A22045,FISHJECTOR 0.1 ML
A22046,FISHGUARD PROTECTOR SMALL 25 MM
A22047,SPARES KIT (MINI 0.1/FISH 0.1/MICROFISH)
A22048,PVC FEED TUBE 1.20M
A22049,FEED NEEDLE 5/8 (16MM X 2MM)
A22050,FEED NEEDLE 190MM X 2.6MM
A22051,COMPLEFOSEL X 25 ML
A22052,AMINOACIDOS VIT 20 ML
A22053,AUROCLEAN CAT X 25 KG
A31000,Q CLORMUTIN
A31001,Q MICOSPECTIN X KG
A31002,Q MUTIN X KG
A31003,Q SULFATYL X KG
A31004,Q TILMICOX X KG
A31005,Q FLORFEN X KG
A31006,AURORAC X KG
A31007,Q SULFATYL T X KG
A31008,AUROQUINOL 60% X KG
A31009,HEPAXYN X 5 KG
A31010,HEPAXYN X 10 KG
A31011,HEPAXYN X KG
A31012,Q FLORFEN X 1 KG
A31013,Q FLORFEN X 5 KG
A31014,NICARCOX 25% X KG
A31015,PANTOX X KG
A31016,PREV OX X KG
A31017,PRO HEALTH X KG
A31018,AUROESENCIAL X KG
A31019,AUROLISTINA 10% X KG
A31020,PREV OX AQUA X KG
A31021,Q MICOSPECTIN L X KG
A31022,Q NEST X KG
A31023,BACITRACIN ZINC 15%
A41000,GELFIPRON X 11 G
A41001,NOV JABON ANTIBACTERIAL 081 GARRAFA 20 L
A41003,NOV GEL ANTIBACTERIAL FCO VALVULA LT
A41004,NOV NOVAC 20 GARRAFA 4 LT
A41005,NOV ACIVET GARRAFA 20 LT
A41006,NOV JABON ANTIBACTERIAL 080GARRAFA 4 LTS
A41007,NOV FENOMIX GT GARRAFA 20 LITROS
A41008,PASCAL X 20 LITROS
A41009,VIREX II 256 GARRAFA X 3.8 LITROS
A41010,NOV NOVAC 20 GARRAFA 20 LT
A41011,ECODES BM 3.8 LITROS
A41012,ECODES BM 20 LITROS
A41013,NOV NOVAC 20 FRASCO VALVULA X 1 LITRO
A41014,DISPENSADOR DE JABON 500 ML
A41015,NOV JABON ANTIBACTERIAL FR VAL X 1 LT
A41016,JABON LIQUIDO ANTIBACTERIAL X 4 LT
A41017,DETERGENTE LIQUIDO NEUTRO X 20 LT
A41018,DETERGENTE ACIDO (DES OX) X 4 LT
A41019,DESENGRASANTE DESINCRUSTANTE X 20 LT
A41020,DETERGENTE ACIDO (DES OX) X 20 LT
A41021,DESENGRASANTE DESINCRUSTANTE X 4 LT
A41022,ESTACION DE CEBADO DE RODENTICIDA
A41023,DETERGENTE LIQUIDO NEUTRO X 4 LT
A41024,GELFIPRON JGA 5 GR
A41025,JABON LIQUIDO CREMOSO ALMENDRAS X 4 LT
A41026,DETERGENTE ACIDO INDUSTRIAL X 4 LT
A41027,DETERGENTE ACIDO INDUSTRIAL X 20 LT
A42000,NORASYSTEM GARRAFA X 20 LITROS
A42001,SANITAS WP VET ENVASE 5 KG
A51000,CICLO GANADERO
A51001,CICLO GANADERO ORO
A51002,COMBO KIT POLLITO
A51003,COMBO MAXIMO
A51004,COMBO OPORTUNO
A51005,COMBO BRAHMAN
A51006,COMBO 1
A51007,COMBO 2
A51008,COMBO 3
A51009,COMBO 4
A51010,COMBO 5
A51011,COMBO 6
A51012,COMBO 7
A51013,COMBO 9
A51014,COMBO 10
A51015,COMBO 11
A51016,COMBO 12
A51017,COMBO 13
A51018,COMBO 14
A51019,COMBO 15
A51020,COMBO 16
A51021,COMBO 17
A51022,COMBO 18
A51023,COMBO KIT DEL CERDITO
A51024,COMBO CONVENCION
A51025,COMBO 21
A51026,COMBO 19
A51027,COMBO 20
A51028,COMBO 22
A51029,COMBO 23
A51030,COMBO 25
A51031,COMBO 26
A51032,COMBO 28
A51033,COMBO 29
A51034,COMBO 30
A51035,COMBO 31
A51036,COMBO 32
A51037,COMBO 33
A51038,COMBO 34
A51039,COMBO 35
A51040,COMBO 36
A51041,COMBO 37
A51042,COMBO 38
A51043,COMBO 39
A51044,COMBO 40
A51045,COMBO 41
A51046,COMBO 42
A51047,COMBO 43
A51048,COMBO 44
A51049,COMBO 45
A51050,COMBO BRAHMAN FULL
A51051,COMBO BRAHMAN INTERMEDIO
A51052,COMBO CRIOLLO
A51053,COMBO LECHERO
A51054,COMBO EXTRANJERO
A51055,SUPER COMBO EXTRANJERO
A51056,COMBO MIXTO
A51057,COMBO NORTE DE ANTIOQUIA 1
A51058,SUPER COMBO MASCOTAS
A51059,COMBO NORTE DE ANTIOQUIA 2
A51060,COMBO NORTE DE ANTIOQUIA 3
A51061,COMBO HUEVITO
A51062,SUPER COMBO EXTRANJERO MODIFICADO
A51063,COMBO EXTRANJERO 4K
A51064,COMBO HUEVO
A51065,COMBO CEBADOR MEJORADO
A51066,KIT HUEVO JUMBO
A51067,KIT HUEVO AAA
A51068,KIT HUEVO AA
A51069,COMBO CICLO 1
A51070,COMBO CICLO 2
A51071,COMBO CICLO 3
A51072,COMBO JERSEY
A51073,COMBO ROSS
A51074,COMBO PET
A51075,COMBO ANGUS
A51076,COMBO KIT POLLITO PLUS
A51077,KIT DEL CERDITO RV
A51078,KIT CARNE
A51079,KIT LECHE
A51080,KIT ACUA CARE
A61000,TANQUE ROTOPLAST 250L CT
A61001,TANQUE ROTOPLAST 500L CT
A61002,TANQUE ROTOPLAST 1.000L CT
A61003,TANQUE ROTOPLAST 2.000L CT
A61004,TANQUE ACUA 250L CT
A61005,LIMA TRIANGULAR TORNADO 6 X 12 UNDS
A61006,LIMA TRIANGULAR TORNADO 8 X 12 UNDS
A61007,LIMA MOTOSIERRA TORNADO 5/32
A61008,LIMA MOTOSIERRA TORNADO 3/16
A61009,LIMA MOTOSIERRA TORNADO 7/32
A61010,MALLA GALLINA NEGRA PLASTICA 1.80X50 MTS
A61011,TELA VERDE CERRAMIENTO X 100 MTS
A61012,TELA BLANCA CERRAMIENTO X 100 MTS
A61013,TELA NEGRA CERRAMIENTO X 100 MTS
A61014,HILO PP AMARILLO 12000 DE KILO X 12 UNDS
A61015,ACUA 6 MATIZADO X 250 MTS
A61016,ACUA 8 MATIZADO X 200 MTS
A61017,ACUA 10 MATIZADO X 125 MTS
A61018,ACUA 12 MATIZADO X 100 MTS
A61019,ACUA 6 MATIZADO X 500 MTS
A61020,CLAVO DE HERRAR DERBY CH5SL CAJA*10 BLSA
A61022,CLAVO DE HERRAR DERBY RACE 4.5 CAJA*10 B
A61023,CLAVO DE HERRAR DERBY RACE 4.5 CAJA*125
A61024,CLAVO DE HERRAR CORONA E6 CAJA*10 BLSA
A61026,CLAVO DE HERRAR CORONA E5 CAJA*10 BLSA
A61027,CLAVO DE HERRAR CORONA E5 CAJA*155
A61029,CLAVO DE HERRAR RIFLE E5 CAJA*150
A61030,CLAVO DE HERRAR RIFLE REG 4.5 CAJA*150
A61031,CLAVO DE HERRAR RIFLE REG 5 CAJA*150
A61035,ESCOFINA HERRERIA RIFLE 14 X UND
A61036,ESCOFINA HERRERIA HELLER LEGEND 14 X UN
A61037,TANQUE ACUA 500L CT
A61038,TANQUE ACUA 1.000L CT
A61039,TANQUE ACUA 2.000L CT
A61040,TANQUE ACUA DE 3.000L CT
A61041,TANQUE ROTOPLAST BICAPA 250L CT
A61042,TANQUE ROTOPLAST BICAPA 500L CT
A61043,TANQUE ROTOPLAST BICAPA 1.000L CT
A61044,TANQUE ROTOPLAST BICAPA 2.000L CT
A61045,TANQUE PONYPLAST 250L CT
A61046,TANQUE PONYPLAST 500L CT
A61047,TANQUE PONYPLAST 1.000L CT
A61048,TANQUE PONYPLAST 2.000L CT
A61049,BEBEDERO 500L CON KIT
A61050,SALADERO DE 27L
A61051,SALADERO DE 85L
A61052,SALADERO INTELIGENTE
A61053,PUNTILLA CAM LISA CC 1 1/2 X LB
A61054,PUNTILLA CAM LISA CC 2 X LB
A61055,PUNTILLA CAM LISA CC 2 1/2 X LB
A61056,PUNTILLA CAM LISA CC 3 X LB
A61057,PUNTILLA CAM LISA CC 3 1/2 X LB
A61058,PUNTILLA CAM LISA CC 4 X LB
A61059,PUNTILLA CAM LISA CC 5 X LB
A61060,PUNTILLA CAM LISA CC 1 1/2 X 400 GRS
A61061,PUNTILLA CAM LISA CC 2 X 400 GRS
A61062,PUNTILLA CAM LISA CC 2 1/2 X 400 GRS
A61063,PUNTILLA CAM LISA CC 3 X 400 GRS
A61064,PUNTILLA CAM LISA CC 3 1/2 X 400 GRS
A61065,PUNTILLA CAM LISA CC 4 X 400 GRS
A61066,PUNTILLA CAM LISA CC 5 X 400 GRS
A61067,ALAMBRE DE PUAS TORNADO 12.5 X 200 MTS
A61068,ALAMBRE DE PUAS TORNADO 12.5 X 350 MTS
A61069,ALAMBRE DE PUAS TORNADO 12.5 X 400 MTS
A61070,ALAMBRE DE PUAS TORNADO 14 X 150 MTS
A61071,ALAMBRE DE PUAS TORNADO 14 X 200 MTS
A61072,ALAMBRE DE PUAS TORNADO 14 X 350 MTS
A61073,ALAMBRE DE PUAS TORNADO 14 X 500 MTS
A61074,ALAMBRE DE PUAS TORNADO 14.5 X 125 MTS
A61075,ALAMBRE DE PUAS TORNADO 14.5 X 200 MTS
A61076,ALAMBRE DE PUAS TORNADO 14.5 X 350 MTS
A61077,ALAMBRE DE PUAS TORNADO 14.5 X 500 MTS
A61078,ALAMBRE DE PUAS TORNADO 16.5 X 200 MTS
A61079,ALAMBRE DE PUAS TORNADO 16.5 X 400 MTS
A61080,ALAMBRE C.E TORNADO 1070 CAL 12.5
A61081,ALAMBRE C.E TORNADO 1040 CAL 12.5
A61082,ALAMBRE C.E TORNADO 1070 CAL 14
A61083,ALAMBRE C.C TORNADO 1040 CAL 14
A61084,MALLA ANTIPAJARO 16MMx19MMx2 MTS X 150 M
A61085,MALLA DIAM VERDE 7x7x1 MT X 30 MTS
A61086,TELA PP CORTA VIENTOS TRANSP 3x100 MTS
A61087,BALANZA ELECTRONICA ACERO INOX 30 KG
A61088,BASCULA 30X34 (CM) 60 KG / KL1R
A61089,BASCULA BERNALITO 150KG
A61090,BASCULA 32X42 (CM) 150 KG / X4
A61091,BASCULA 32X42 (CM) 150 KG / KL1R
A61092,BASCULA 45X60 (CM) 300 KG
A61093,BASCULA 45X60 (CM) 600 KG / KL1R
A61094,BASCULA INALAMBRICA BERNALITO 150 KG
A61095,DINAMOMETRO O BASCULA DE GANCHO 120 KG
A61096,BALANZA DIGITAL DE COCINA EXTRA DELGADA
A61097,BALANZA DIGITAL PERSONAL MX 1989
A61098,BALANZA ELECTRONICA BERNALITO 40 KILOS
A61099,PLATAFORMA BER WIFI 40x50 300 INALAMBRI
A61100,PLATAFORMA BERNALO 40x50 300KL IND KL0
A61101,BASCULA ELECTRONICA 40x50(cm) 150 KILOS
A61102,CAMARA SEGURIDAD INALAMBRICA
A61103,CAMARA SOLAR DOMO 360 NEGRA
A61104,LINTERNA LED 6W
A61105,LAMPARA SOLAR LED 160LM
A61106,REFLECTOR SOLAR PARED
A61107,"ESTACA SOLAR 0,8W"
A61108,PROYECTOR ESTACA RGB
A61109,REFLECTOR VIAL SOLAR 90W
A61110,REFLECTOR VIAL SOLAR 120W
A61111,REFLECTOR LED 100W PANEL CR
A61112,REFLECTOR LED 300W PANEL CR
A61113,REFLECTOR LED MULTIC 100W PANEL
A61114,REFLECTOR SOLAR BASE 100W
A61115,REFLECTOR SOLAR BASE 50W
A61116,RADIO PORTATIL MULTF 3W BLUETOOTH
A61117,RADIO PORTATIL MULTF 4W
A61118,ACUA 8 MATIZADO X 400 MTS
A61119,ACUA 10 MATIZADO X 250 MTS
A61120,ACUA 12 MATIZADO X 200 MTS
A61121,SOGA ALTA TENACIDAD 8 X 125 M
A61122,SOGA ALTA TENACIDAD 10 X 125 M
A61123,SOGA ALTA TENACIDAD 8 X 250 M
A61124,SOGA ALTA TENACIDAD 10 X 250 M
A61125,GANAFULL 6 MATIZADO X 250 M
A61126,GANAFULL 8 MATIZADO X 200 M
A61127,GANAFULL 10 MATIZADO X 125 MTS
A61128,GANAFULL 6 MATIZADOX 500 MTS
A61129,GANAFULL 8 MATIZADO X 400 MTS
A61130,GANAFULL 10 MATIZADO X 250 MTS
A61131,GUADANADORA ECOMAX FT DECO 2T 43
A61132,FUMIGADORA ECOMAX EST GAS 6.5 ME200 ES22
A61133,BOMBA SUPERFICIAL QB60 DC
A61134,PLANTA ECOMAX 2.500 FT GE2500 D
A61135,MOTOBOMBA ECOMAX GAS FT MB40 2T
A61136,FUMIGADORA ESPALDA ECOMAX GAS 2T F768
A61137,PLANTA ECOMAX 6.500 FT GE6500E D
A61138,BOTA PLASTICA TROCHADORA NEGRO A TALL 36
A61139,BOTA PLASTICA TROCHADORA NEGRO A TALL 37
A61140,BOTA PLASTICA TROCHADORA NEGRO A TALL 38
A61141,BOTA PLASTICA TROCHADORA NEGRO A TALL 39
A61142,BOTA PLASTICA TROCHADORA NEGRO A TALL 40
A61143,BOTA PLASTICA TROCHADORA NEGRO A TALL 41
A61144,BOTA PLASTICA TROCHADORA NEGRO A TALL 42
A61145,BOTA PLASTICA TROCHADORA NEGRO A TALL 43
A61146,BOTA PLASTICA TROCHADORA NEGRO A TALL 44
A61147,BOTA TROCHADORA BLANCO B TALLA 36
A61148,BOTA TROCHADORA BLANCO B TALLA 37
A61149,BOTA TROCHADORA BLANCO B TALLA 38
A61150,BOTA TROCHADORA BLANCO B TALLA 39
A61151,BOTA TROCHADORA BLANCO B TALLA 40
A61152,BOTA TROCHADORA BLANCO B TALLA 41
A61153,BOTA TROCHADORA BLANCO B TALLA 42
A61154,BOTA TROCHADORA BLANCO B TALLA 43
A61155,BOTA TROCHADORA BLANCO B TALLA 44
A61156,AISLADOR PUNTILLA AMARILLO X 100 UNDS
A61157,AISLADOR TIPO PERA AMARILLO X 30 UNDS
A61158,AISLADOR CERCA VIVA AMARILLO X 25 UNDS
A61159,AISLADOR CINTA CORDON AMARILLO X 50 UNDS
A61160,AISLADOR TORNILLO NEGRO X 25 UNDS
A61161,TENSOR CERCA ELECTRICA PNO X UND
A61162,TENSOR CERCA ELECTRICA GDE X UND
A61163,TENSOR CERCA ELECTRICA PNO GALV X UND
A61164,TENSOR CERCA ELECTRICA GDE GALV X UND
A61165,CHAPETA 3X3 X UND
A61166,CHAPETA 4X3 X UND
A61167,CHAPETA 4X4 X UND
A61168,CHAPETA 6X4 X UND
A61169,CINTA CERCA ELECTRICA AZUL X 200 MTS
A61170,CORDON CERCA ELECTRICA AZUL X 200 MTS
A61171,BEBEDERO 2 LT MANIJA
A61172,BEBEDERO 5 LT MANIJA
A61173,"BEBEDERO 6,5 LT MANIJA"
A61174,BEBEDERO 8 LT MANIJA
A61175,COMEDERO TOLVA 3 KG
A61176,COMEDERO TOLVA 7 KG
A61177,COMEDERO TOLVA 12 KG
A61178,COMEDERO TOLVA 18 KG
A61179,BEBEDERO AUT DOBLE FIN
A61180,"BEBEDERO 0,5 LTS CODORNIZ"
A61181,"COMEDERO 0,5 CODORNIZ"
A61182,COMEDERO BEBE
A61183,COMEDERO LINEAL 33 CMS
A61184,COMEDERO LINEAL 50 CMS
A61185,COMEDERO LINEAL 60 CMS
A61186,COMEDERO LINEAL 80 CMS
A61187,COMEDERO LINEAL 1 MT
A61188,COMEDERO PERRO 5
A61189,COMEDERO PERRO 7
A61190,COMEDERO PERRO 10
A61199,"VARILLA COOPERWELD X 1,80MTS X UND"
A61201,CONECTOR VARILLA COOPERWELD
A61202,CARRETA BELLOTA ANTIP 3.5 5672 6
A61203,"VARILLA COOPERWELD X 1,50MTS X UND"
A61209,HERRADURA LANCERO CRIOLLA T 20 7*17 CJ*8
A61210,CLAVO DE HERRAR DERBY CH5SL CAJA*125
A61211,CLAVO DE HERRAR CORONA E6 CAJA*145
A61212,CLAVO DE HERRAR RIFLE E6 CAJA*150
A61213,GRAPA CERCA CAM 1 1/4 X 9 500 GRS
A61214,MARTILLO 27 MM CABO M AGPM
A61215,NYLON CUADRADO 3.3MM 100MTS AGPM
A61216,GRAPA CERCA 1 1/4 X 9 AGPM 1000 GRS
A61217,MACHETE 3 RAYAS 16 PULIDO
A61218,MACHETE 3 RAYAS 18 PULIDO
A61219,MACHETE 3 RAYAS 20 PULIDO
A61220,MACHETE BARRIGON 18 PULIDO
A61221,MACHETE BARRIGON 20 PULIDO
A61222,MACHETE BARRIGON 22 PULIDO
A61223,RED HENO GRUESA
A61224,RED HENO DELGADA
A61225,ALICATE DIABLO BELLOTA 10.5
A61226,ARO PARA CUCHILLA BELLOTA 350MM
A61227,CUCHILLA CORBATIN 20MM BELLOTA 352420 PU
A61228,CUCHILLA CORBATIN 1 BELLOTA 352425 ROJA
A61229,CUCHILLA CORBATIN 20MM BELLOTA 352420 RO
A61230,CUCHILLA CORBATIN 1 BELLOTA 352425 PULI
A61231,CUCHILLA RECTA 20MM BELLOTA 452220 NATUR
A61232,CUCHILLA RECTA 1 BELLOTA 452225 NATURAL
A61233,KIT YOYO BELLOTA 109 + NYLON 6MM
A61234,KIT YOYO BELLOTA 117 + NYLON 6MM
A61235,"NYLON REDONDO 3,3MM ROJO BELLOTA X 400MT"
A61236,ESCOBA BELLOTA PARA PRADO 5370 26
A61237,ESCOFINA HERRERIA BELLOTA C/E
A61238,FUMIGADORA BELLOTA 20 LITROS CAMARA EXTE
A61239,FUMIGADORA BELLOTA 5 LITROS
A61240,LIMA BELLOTA 4087 6 CM
A61241,LIMA BELLOTA 4087 8 CM
A61242,LIMA TIBURON 52397 6 CM
A61243,MACHETE BARRIGN BELLOTA 20 PULIDO
A61244,MACHETE RAMBO BELLOTA 12 PULIDO 465
A61245,MACHETE PEINILLA BELLOTA 16 NIQUELADO
A61246,MACHETE TRES RAYAS BELLOTA 18 PULIDO
A61247,PALIN HOYADOR BELLOTA 5505H
A61248,PALA REDONDA NO2 BELLOTA 5560
A61249,PALA REDONDA NO4 BELLOTA 5582
A61250,PALA CAVAHOYOS BELLOTA 310559 MADERA
A61251,PALA PLASTICA BELLOTA CUADRADA
A61252,PALIN BANANERO BELLOTA 5402 10 SP
A61253,RASTRILLO METLICO BELLOTA 12 DIENTES ROJ
A61254,RECOLECTOR DE FRUTA BELLOTA
A61255,SALADERO INTELIGENTE BELLOTA
A61256,SERRUCHO DE PODA BELLOTA 14 MM
A61257,TIJERA DE PODA BELLOTA 3501 180
A61258,TIJERA DE PODA BELLOTA 3501 220
A61259,CARRETA BELLOTA ANTIP 3.5 5672 6
A61260,KIT DE JARDINERIA
A61261,FUMIGADORA BELLOTA 1.5 LITROS
A61262,KIT YOYO AUTOMATICO + NYLON 6M
A61263,NYLON REDONDO EN DONA X 15MTS
A61264,"NYLON REDONDO 3,3MM NEGRO BELLOTA X 400M"
A61265,NYLON CUADRADO 2.7MM 15M NARANJA
A61266,HERRADURA LANCERO CRIOLLA T 22 7*17 X UN
A61267,HERRADURA LANCERO CRIOLLA T 23 7*17 X UN
A61268,HERRADURA LANCERO CRIOLLA T 24 7*17 X UN
A61269,HERRADURA LANCERO CRIOLLA T 25 7*17 X UN
A61270,HERRADURA LANCERO CRIOLLA T 26 8*18 X UN
A61271,HERRADURA LANCERO CRIOLLA T 27 8*18 X UN
A61272,HERRADURA LANCERO CRIOLLA T 28 8*18 X UN
A61273,HERRADURA LANCERO CRIOLLA T 29 8*18 X UN
A61274,HERRADURA LANCERO CRIOLLA T 30 8*18 X UN
A61275,HERRADURA LANCERO TRABAJO T20 X UND
A61276,HERRADURA LANCERO TRABAJO T22 X UND
A61278,HERRADURA LANCERO TRABAJO T24 X UND
A61279,HERRADURA LANCERO TRABAJO T25 X UND
A61280,HERRADURA LANCERO TRABAJO T27 X UND
A61281,HERRADURA LANCERO TRABAJO T23 CJ*8
A61282,ALICATE DIABLO HERRAGRO 10.5 NIQ MAT
A61283,CARRETA 100L HERRAGRO MAD PLATON PLAS NE
A61284,CUCHILLA GUADANA HERRAGRO 35CM X 3/4 C16
A61285,CUCHILLA GUADANA HERRAGRO 35CM X 1 C16 L
A61286,LIMA TRIANGULAR HERRAGRO REGULAR 6 M/P
A61287,LIMA TRIANGULAR HERRAGRO REGULAR 8 M/P
A61288,TIJERA FLORICULTURA 8 ALUMINIO HERRGRO
A61289,SACO PAYASO 80x120 X UND
A61290,HERRADURA LANCERO CRIOLLA PLUS T 20 UND
A61291,CARRETA 100L HERRAGRO MAD PLATON PLAS A
A61292,APERO VAQUERO COLOR REATA PARACORD
A61293,APERO VAQUERO AZUL REATA PARACORD
A61294,APERO VAQUERO ROJO REATA PARACORD
A61295,APERO VAQUERO AMARILLO REATA PARACORD
A61296,APERO VAQUERO COLOR REATA RIENDA MATIZAD
A61297,APERO VAQUERO NEGRO REATA RIENDA MATIZAD
A61298,APERO VAQUERO CHOCO REATA RIENDA MATIZAD
A61299,APERO VAQUERO BEIGE REATA RIENDA MATIZAD
A61300,APERO VAQUERO COLOR REATA RIENDA LUJO
A61301,APERO VAQUERO NEGRO REATA RIENDA LUJO
A61302,APERO VAQUERO CHOCO REATA RIENDA LUJO
A61303,APERO VAQUERO BEIGE REATA RIENDA LUJO
A61304,APERO VAQUERO MATIZADO
A61305,PALA CAVAHOYOS BELLOTA 310559 METALICO
A61306,ESCOBA BELLOTA PARA PRADO 5370 22
A61307,MACHETE 3 RAYAS 14 PULIDO
A61308,FUMIGADORA 20L HERRAGRO
A61309,NYLON REDONDO HERRAGRO 3.3 MM X 15 M NEG
A61310,MANIGUETA PORTILLO AMARILLA
A61311,"VARILLA COOPERWELD X 1,20MTS X UND"
A61312,POLIPROPILENO 2 CRUDO X 500
A61313,POLIPROPILENO 2 COLOR X 500 M
A61314,POLIPROPILENO 2 MATIZADO X 500 M
A61315,POLIPROPILENO 3 CRUDO X 350 M
A61316,POLIPROPILENO 3 COLOR X 350 M
A61317,POLIPROPILENO 3 MATIZADO X 350 M
A61318,POLIPROPILENO 4 CRUDO X 250 M
A61319,POLIPROPILENO 4 COLOR X 250 M
A61320,POLIPROPILENO 4 MATIZADO X 250 M
A61321,POLIPROPILENO 5 CRUDO X 240 M
A61322,POLIPROPILENO 5 COLOR X 240 M
A61323,POLIPROPILENO 5 MATIZADO X 240 M
A61324,POLIPROPILENO 6 CRUDO X 150 M
A61325,POLIPROPILENO 6 COLOR X 150 M
A61326,POLIPROPILENO 6 MATIZADO X 150 M
A61327,POLIPROPILENO 8 CRUDO X 100 M
A61328,POLIPROPILENO 8 COLOR X 100 M
A61329,POLIPROPILENO 10 COLOR X 100 M
A61330,POLIPROPILENO 12 COLOR X 100 M
A61331,HERRADURA LIBERO 2X0 T28 CJA X 10 JUEGOS
A61332,HERRADURA LIBERO 3X0 T26/27 CJA X 10 JUE
A61333,COMEDERO PORCICOLA X 40 KG
A61334,MACHETE RULA 1401 24 HERRAGRO
A61335,PALA REDONDA HERRAGRO 6056 4 C16/1.6MM
A61336,PALA REDONDA HERRAGRO 6056 2 C16/1.6MM
A61337,TIJERA PODA 12 CM HERRAGRO
A61338,GRAPA CERCA CAM 1 1/4 X 9 1000 GRS
A61339,COMEDERO DOBLE PARA PERRO
A61340,PEINILLA 12 NIQUELADA
A61341,PEINILLA 14 NIQUELADA
A61342,PEINILLA 16 NIQUELADA
A61343,PEINILLA 18 NIQUELADA
A61344,PEINILLA 20 NIQUELADA
A61345,GRAPA CERCA CAM 1 X 9 AGPM 1000 GRS
A61346,HILO PP AMARILLO 12000 DE KILO X 12 UNDS
A61347,HILO PP VERDE ECO 12000 DE KILO X 12 UND
A61348,HILO FIQUE 3 CABOS 3 DE KILO X 25 UNDS
A61349,HACHA FORJADA HERRAGRO 4310 4 LB OJO GOT
A61350,LINTERNA COR RECARGABLE LITIO
A61351,REFLECTOR LED 200 W PANEL CR
A61352,BEBEDERO AUTOMATICO ESTRA CF
A61353,BEBEDERO AUTOMATICO ESTRA SF
A61354,COMEDERO ANTIDE 12 KG ESTRA
A61355,RECOLECTOR DE FRUTA ESTRA
A61356,HUACAL AVICOLA ESTRA
A61357,JAQUIMON DE LUJO REATA PARACORD
A61358,JAQUIMON DE LUJO REATA IMP
A61359,JAQUIMON EN REATA SENCILLO
A61360,JAQUIMON DE NUDOS
A61361,APERO VAQUERO MATIZADO X REATA
A61362,HERRADURA LIBERO 0 TALLA 29 CJA X 10 JUE
A61363,HERRADURA LIBERO 1 TALLA 30 CJA X 10 JUE
A61364,HERRADURA LIBERO 2 TALLA 31 CJA X 10 JUE
A61365,HERRADURA LIBERO 3 TALLA 33 CJA X 10 JUE
A61366,HERRADURA LIBERO 4 TALLA 35 CJA X 10 JUE
A61367,HERRADURA LIBERO 5 TALLA 37 CJA X 10 JUE
A61368,HERRADURA LIBERO 6 TALLA 39 CJA X 10 JUE
A61369,ROLLO MALLA HEXAG 90 X 30 X 1/2 METAL
A61370,"NYLON CUAD NJA 2,7MM 100MTS AGPM"
A61371,BALDE PLASTICO RECOLECTOR HERRAGRO 18 LT
A61372,CUCHILLA PICAP 3 HUECOS HERRAGRO 3779 C1
A61373,ESCOBA BARREPRADO HERRAGRO PLAST 25D
621066,ALCOHOL ANTISEPTICO
631026,AGUA PARA INYECCION
971000,SERVICIO DE MAQUILA
971001,HORAS EXTRA SERVICIO DE MAQUILA
971002,SERVICIO DE SERIGRAFIA IVA 19%
971003,SERVICIO DE MAQUILA IVA 19%
971004,SERVICIO DE SERIGRAFIA
971005,SERVICIO DE MAQUILA IVA 5%
971006,SERVICIO DE ENVASE Y EMPAQUE
971007,SERVICIO DE ENVASE Y EMPAQUE IVA 19%
MMP001,DIOXIDO DE TITANIO
VAF452801,VENTA ACT FIJO EQ DE COMPUT Y COMUNICAC
VAF454001,VENTA ACT FIJO FLOTA Y EQ DE TRANSP-CA
VAF452401,VENTA ACT FIJOS / VENTA EQ OFICINA
VAF451501,ACT FIJOS / VENTA PROP PLANTA Y EQUIP CA
VAF454002,VENTA ACT FIJO FLOTA Y EQ DE TRANSP -CV
BL,SERVICIO DE MAQUILA BL
BS,SERVICIO DE MAQUILA BS
DR,SERVICIO DE MAQUILA DR
FM,SERVICIO DE MAQUILA FM
LD,SERVICIO DE MAQUILA LD
LE,SERVICIO DE MAQUILA LE
LI,SERVICIO DE MAQUILA LI
LJ,SERVICIO DE MAQUILA LJ
LL,SERVICIO DE MAQUILA LL
LQ,SERVICIO DE MAQUILA LQ
LR,SERVICIO DE MAQUILA LR
PQ,SERVICIO DE MAQUILA PQ
MMP002,BASE DE JABON
MMP003,BOLSA DE POLIPROPILENO˜x˜100˜G
331185,BOLSA ZIPLOC 10 X˜13
221273,UREA
221275,COLOR AZUL N1 LACA OLEOSOLUBLE
221276,CERA DE CARNAUBA
221280,COLAGENO HIDROLIZADO
221281,SUERO DULCE DE LECHE
221282,MOHOGRAN VIDA MEZCLA ACIDOS
221283,MOHOGRAN AFP SOLIDO
311150,SACO KRAFT IMPRESO 39 + 14X92 CON LINNER
311151,SACO KRAFT IMPRESO 39 + 10X92 CON LINNER
311152,SACO KRAFT IMPRESO 39 + 14X80 CON LINNER
311153,ENVASE X 3000 CC NEGRO
311154,TAPA N120 NEGRA
311155,JERINGA BLANCA CONO A X 20 ML CABATEL NF
311156,LINNER ESP POLIESTIRENO D 119.51 C 1.01
311157,BOLSA TERMOENCOGIBLE ˜32.5 X 47
311158,BOLSA TERMOENCOGIBLE ˜17.5 X 22
311159,BOLSA TERMOENCOGIBLE ˜ 22 X 27
311160,BOLSA TERMOENCOGIBLE ˜28 X 32
311176,ROLLO TRILAM ACTIV GEL X 35 G PROQUIVET
321103,PLEGADIZA BOLDEBIG X 500ML NICARAGUA
321104,CARTON BANDEJA 30.5 X 20.5
321105,CARTON BANDEJA 12 X 9
321106,PLEGADIZA AUROCEF X 4 G - EMIRATOS
331186,ETIQUETA BOLDEBIG X 500 ML NICARAGUA
331187,ETIQUETA AUROZOLE X 1000 ML - EMIRATOS
331188,ETIQUETA BRILLA PEL X 2KG - EMIRATOS
331189,ETIQUETA BRIO JOINT X 2 KG˜ FYD EMIRATO
331190,ETIQUETA BRIO PERFORMANCE FYD - EMIRATOS
331193,PLEGADIZA CABATEL NF X 20 ML - EMIRATOS
331194,ETIQUETA ERIPANTO INY X 100 ML - EMIRATO
331195,PLEGADIZA ERIPANTO INY X 100 ML EMIRATO
331196,ET CIPERMETRINA 15EC X 1000 ML EMIRATO
331197,ETIQUETA MELOXIDOL X 50 ML - EMIRATOS
331198,PLEGADIZA MELOXIDOL X 50 ML - EMIRATOS
331199,ETIQUETA QIVERMEC 3.5 X 50 ML -˜ EMIRATO
331200,PLEGADIZA QIVERMEC 3.5 X 50 ML - EMIRATO
331201,ETIQUETA AUROCEF X 4 G - EMIRATOS
331202,ETIQUETA AUROCEF X 80 ML - EMIRATOS
331203,INSERTO AUROCEF - EMIRATOS
331204,ETIQUETA ACTIV GEL X 1KG
331205,ETIQUETA AUROCLEAN CATS X 25 KG
A61376,ABRAZADERA GALAPAGO SYPEL
A61377,BRIDA COMPLETA SYPEL
A31025,ACTIV GEL X KG
A51084,KIT ANTIHEMOPARASITOS
A51087,KIT POTRERO MINI
A51083,KIT PRODUCTOR LECHERO
A51085,KIT REPRO PLUS GANADERO
A51089,KIT REPRODUCCION EXPRESS
A51088,KIT SALUD BASICA
A51086,KIT SALUD TOTAL
A22066,AGUJA DESECHABLE 18G x 1 1/2? ? USO VET.
A22065,AGUJA DESECHABLE 18G x 1/2? ? USO VET.
A22056,DEXAMETAXONA- LH 10/ 50 ML
A22054,DEXAMETAXONA-LH 10/ 100 ML
A22055,DEXAMETAXONA-LH 10/ 20 ML
A21184,FLORALAC X 10 GR
A21183,FLORALAC X 100 GR
A21182,FLORALAC X 25 GR
A21181,FLORALAC X 500 GR
A21197,FLOXAGEN SOLUBLE X 1 L
A21198,FLOXAGEN SOLUBLE X 4 L
A21169,IXER X 1 L
A21170,IXER X 120 ML
A21172,IXER X 4 L
A21171,IXER X 60 ML
A22059,JER DESECHABLE 1 ML 25G X 1/2? USO VET.
A22062,JER DES 10 ML 18G x 1 1/2? USO VET.
A22063,JER DES20 ML 18G x 1 1/2? ? USO VET.
A22060,JER DES 3 ML 23G x 1? ? USO VET.
A22061,JER DES5 ML 18G x 1? ? USO VET.
A22064,JER DES 50 ML 18G x 1 1/2? USO VET
A21167,KETO SKIN MEDICADO X 200 ML
A21166,KETO SKIN X 1 L
A21174,NOVABRONCOL PETS X 120 ML
A21175,NOVABRONCOL X 1 L
A21176,NOVABRONCOL X 20 L
A21177,NOVABRONCOL X 4 L
A21185,OTICLEAN X 120 ML
A21187,OTICLEAN X 60 ML
A42004,PANTEK LAQUINSA X LT
A21179,PECTIKOL X 1 L
A21178,PECTIKOL X 120 ML
A21180,PECTIKOL X 4 L
A21191,R-QUILL BLOQUE X 100 G
A42002,SANITAS FORTE VET ENVASE 25 LITROS
A42003,SANITAS FORTE VET ENVASE 5 LITROS
A42005,TRISEPTIL-90 X KILO
A21164,NEXTMUNE 4000D STD ENG
A11173,ACTIV GEL X 35 G
A21165,KETO SKIN X 4 L
A21168,KETO SKIN MEDICADO X 30 ML
A21173,NOVABRONCOL X 120 ML
A21186,OTICLEAN X 250 ML
A31024,AVICUR POLVO X KG SACO
A21188,CEVAC SALMOVAC440 1000D IT/E
A21189,VTM HVT NDV + RISPENS 2000D CO
A21190,GEL DROPLET DILUENT 70G CA
A21192,MIXIBAC HG (1000 DOSIS)
A22057,MICROFISH 0.05 ML SYRINGE TUBE FEED
A51081,KIT ANAPIRAN X 250ML + AUROFARVIT X 50ML
A51082,KIT BOLDEBIG 250ML + AUROFARVIT 250ML
A21193,NOZZLE TXVK 6 (RED)
A21194,NOZZLE FILTER
A21195,NOZZLE SCREW
A21196,CEVAC SALMOVAC 1000D CO VE EC
A21199,FLOXAGEN SOLUBLE X 20 L
A22058,CHAMPU MEDICADO CON CLORHEXIDINA X 200ML
A42006,NOZZLE BODY
A42007,TELESCOPIC LANCE
A42008,MONOMETER
A22067,JERINGA DESECHABLE 1 ML 25G X 1/2 USO
A22068,JERINGA DESECHABLE 3 ML 23G x 1 USO V
A22069,JERINGA DESECHABLE 5 ML 18G x 1 USO V
A22070,JERINGA DESECHABLE 10 ML 18G x 1 1/2
A22071,JERINGA DESECHABLE 20 ML 18G x 1 1/2
A22072,JERINGA DESECHABLE 50 ML 18G x 1 1/2
A22073,AGUJA DESECHABLE 18G x 1/2 USO VET.
A22074,AGUJA DESECHABLE 18G x 1 1/2 USO VET.
221277,FRAGANCIA DE CANELA
221278,LACA TARTRACINA HC (AMARILLO )
221279,LACA AZUL NO 1
222012,COLOR NARANJA CONCENTRADO X KILO
523,CARBONATO DE CALCIO R-23
222014,HIDROSAL REGENERANTE DI HS 25 X BULTO 25
311161,ROLLO TRILAM ERIPANTO X 24 G PROQUIVET
311162,ROLLO TRILAM AVICUR X 20 G PROQUIVET
311164,ROLLO TRILAM AVICUR X 20 G BLISTECO
311165,ROLLO TRILAM COCCIDIOL X 25 GR PROQUIVET
311166,ROLLO TRILAM COCCIDIOL X 25 GR BLISTECO
311167,ROLLO TRILAM SULFACOCCIDIOL X 25 G PROQU
311168,ROLLO TRILAM SULFACOCCIDIOL X 25 G BLIST
311169,ROLLO TRILAM AUROVITEL X 10 G PROQUIVET
311170,ROLLO TRILAM AUROVITEL X 10 G BLISTECO
311171,ROLLO TRILAM AUROVITEL X 20 G PROQUIVET
311172,ROLLO TRILAM AUROVITEL X 20 G BLISTECO
311173,ROLLO TRILAM AUROVITEL X 10 G PROQUIVET
311174,ROLLO TRILAM AUROVITEL X 10 G BLISTECO
311175,ROLLO TRILAM AURODIARREGAN NF X 20 G PRO
311177,ROLLO TRILAM MUESTRAS SANITAS
331191,JERINGA SIN IMPRESIN X 20 ML
331192,ETIQUETA CABATEL NF X 20 ML EMIRATOS
331206,CAJA DE CARTON CERTIFICADA ONU 47*30*26
331207,ETIQUETA MELOXIDOL X 100ML AFRICA
331208,PLEGADIZA MELOXIDOL X 100ML AFRICA
331209,ETIQUETA AUROTILMICOSIN X 240 ML AFRIC
331210,ETIQUETA FLORMIX X 1.000 ML AFRICA
A42009,NEXTMUNE 2000D BR/MX/CO/PE/AR/
A61374,BEBEDERO AUT ROSCA INT
A61375,SACO SEGUNDA 85 CMS X 400 UNIDADES
A61378,EMPAQUE BEBEDERO DOBLE FIN SYPEL
A61379,AZADON BELLOTA 310 B
A61380,"ZAPAPICO BELLOTA 4,5 LB CON MANGO FV"
A61381,ZAPAPICO BELLOTA 809 0 SP
A61382,HERRADURA LANCERO TRABAJO T26 X UND
A61383,HERRADURA LIBERO 4X0 T25 CJA X 10 JUEGOS
VS0001,FLETE POR EXPORTACIONES
VS0002,SEGURO POR EXPORTACIONES
VS0003,FLETES NACIONALES GRAVADOS 19%
VS0009,ALQUILER SISTEMA ECA
CS3515043,ANALISIS MICROBIOLOGICO
CS3515042,ANALISIS FISICOQUIMICO
DV001,DESCUENTOS COMERCIALES EN VENTAS
DV002,REV DESCUENTOS COMERCIALES EN VENTAS
DV003,DESCUENTOS PRONTO PAGO 3%
DV004,DESCUENTOS PRONTO PAGO 5%
DV005,DESCUENTOS PRONTO PAGO 8%
A42010,S 100 LIMPIADOR ALCALINO CLORADO x 20 LT
A42011,A 500 LIMPIADOR ACIDO DESINCRUSTANTE x 2
A42012,OXICLEAN 5 BACTERICIDA LIQUIDO x 20 LTS
A42013,BIOQUAT DESINFECTANTE MIXTO GERMICIDA x
CS359530,RECOLECCION DE RESIDUOS SIN IVA
331211,BOLSA PLASTICA CIERRE HERMETICO 10X12CM
331212,CAJA CORRUGADA MASTER 80 UNDS (58.5*46*2
331213,CAJA CORRUGADA MASTER 120 UNDS (49.5*31.
331214,CAJA CORRUGADA JUNIOR 15 UNDS (24*15*9.5
331215,CAJA CORRUGADA JUNIOR 10 UNDS (28.5*21.5
331216,CAJA CORRUGADA PARA GARRAFA CUADRADA DE
331217,PLEGADIZA DIS AUROVITEL X 45 SB X 10 GR
331218,PLEGADIZA DIS AUROVITEL X 45 SB X 20GR
331219,SOBRE AUROVITEL X 20 G ALIMENTO (23410 S
331220,SOBRE AUROVITEL X 10 G ALIMENTOS
331221,ETIQUETA CIPROFARM X 25 KG
331222,INSERTO MELOXIDOL   EMIRATOS
A11174,MELOXIDOL X 100 ML AFRICA
A11178,CRAYON DE MARCACION CJ X12 COLOR ROJO
A11179,CRAYON DE MARCACION CJ X12 COLOR AZUL
A11180,CRAYON DE MARCACION CJ X12 VERDE
A11181,LINNER ALUMINIO 119.5mm
A22075,CABATEL NF X 20ML   EMIRATOS
A42014,CRAYON DE MARCACION
A42015,TRISEPTIL 90 X 4.2 KILOS
A51090,BRILLA PEL X 25 KG
